Bank_Name,Cust_Name,Account_No,Loan_Type,Due_Amount,Due_Date,Priority,Recovered_by_Agent,Recovered_by_AI,Recovered_by_Field_Agent,Recovered_Date,Recovered_Amount,Remaining_Due_Amount
SBI,Brian Hudson,XXXX2367,House,444809.82,20-01-2024,High,,1,,31-01-2024,444555.63,30170.59
SBI,Donna Miller,XXXX8739,Car,185862.6,06-02-2025,High,,,1,09-07-2025,,0
SBI,Paul Espinoza,XXXX7471,Car,207704.74,14-03-2025,Low,,,1,10-10-2025,300805.65,16383.85
ICICI Bank,Andrew Buchanan,XXXX6380,House,91251.96,03-06-2025,High,1,,,08-08-2025,203254.31,20690.56
SBI,Sierra Oneill,XXXX7786,House,71821.58,12-11-2024,Low,1,,,07-10-2024,240898.27,3665.5
SBI,Hailey Wilson,XXXX3606,Car,358879.81,08-11-2023,Medium,,1,,23-06-2023,,0
HDFC Bank,Teresa Stephenson,XXXX6083,Car,221938.44,16-09-2023,High,1,,,16-09-2023,162902.47,1532.5
SBI,Joshua Ryan,XXXX2568,House,212956.44,03-11-2023,High,,1,,17-02-2023,375467.45,4459.84
HDFC Bank,Elizabeth Martinez,XXXX2482,Car,401850.3,16-06-2025,Low,,,1,21-10-2025,370602.39,24567.07
Axis Bank,Tonya Villegas,XXXX2896,House,376169.69,26-12-2023,Low,1,,,30-07-2023,266072.51,17366.64
HDFC Bank,Daniel Glenn,XXXX1806,House,149307.25,11-08-2023,Low,,,1,09-01-2023,494073.04,2826.95
HDFC Bank,Joshua Parker,XXXX5080,House,184803.9,05-09-2024,Low,1,,,02-09-2024,,0
Kotak Mahindra,Paula Riddle,XXXX6032,House,483278.27,21-05-2024,Medium,1,,,04-09-2024,287946.48,7805.56
Axis Bank,Jason Miller,XXXX3528,Car,108509.55,23-09-2023,Low,1,,,27-05-2023,195949.42,12455.54
SBI,Kimberly Young,XXXX8687,House,163644.03,11-12-2024,Low,1,,,04-02-2024,,0
ICICI Bank,Michael Alvarado,XXXX1168,Car,244398.17,03-06-2025,Low,,1,,13-10-2025,393573.8,12595.73
Kotak Mahindra,Travis Holt,XXXX7376,House,499056.58,20-02-2024,Medium,,1,,12-06-2024,224101.4,8746.72
Kotak Mahindra,John Holmes,XXXX4958,House,177061.22,06-02-2024,High,,1,,09-07-2024,168477.72,13794.48
Kotak Mahindra,Herbert Carey,XXXX9268,House,262366.28,30-12-2024,High,1,,,17-08-2024,253716.99,1304.33
ICICI Bank,Allison Sanchez,XXXX9342,Car,231194.96,14-04-2024,High,1,,,22-02-2024,,0
Axis Bank,Cole Lee,XXXX5395,House,230855.33,14-04-2025,High,,1,,15-04-2025,,0
HDFC Bank,Matthew Armstrong,XXXX7481,Car,420775.04,07-04-2024,Low,,1,,01-08-2024,426772.32,17925.26
HDFC Bank,Francisco Paul,XXXX8634,House,147662.56,24-08-2024,Low,,1,,10-04-2024,400285.03,37889.44
Axis Bank,Lisa Adams DVM,XXXX5535,Car,64847.12,01-10-2024,Medium,,,1,26-07-2024,,0
HDFC Bank,Christopher Sanchez,XXXX8007,House,76171.24,13-07-2024,High,,1,,03-07-2024,204931.57,8030.98
HDFC Bank,Robert Richardson,XXXX5078,House,127506.78,19-07-2025,Medium,1,,,31-08-2025,,0
Kotak Mahindra,Joshua Wilson,XXXX2387,Car,471051.74,08-08-2024,High,1,,,09-01-2024,252566.09,27526.37
Axis Bank,John Griffith,XXXX3579,Car,295392.57,19-10-2023,High,1,,,18-07-2023,,0
Kotak Mahindra,Amanda Johnson,XXXX8295,House,453325.17,14-02-2024,Low,,1,,01-09-2024,99060.9,7992.73
ICICI Bank,Michele Flynn,XXXX7128,Car,324753.12,27-12-2023,High,,1,,07-09-2023,,0
HDFC Bank,Kim Marshall,XXXX9526,House,277011.67,21-04-2025,High,1,,,17-09-2025,,0
Kotak Mahindra,Robert Elliott,XXXX9974,Car,454900.55,20-05-2025,Medium,1,,,26-11-2025,254424.89,6585.59
Kotak Mahindra,Sherri Moore,XXXX9927,House,216416.17,16-07-2024,High,1,,,27-09-2024,,0
SBI,Ryan Stafford,XXXX2652,Car,445786.41,26-02-2024,Medium,1,,,25-10-2024,395280.09,34555.39
Kotak Mahindra,Victoria Nichols,XXXX7398,House,205440.34,22-02-2024,Medium,1,,,01-11-2024,147738.97,1827.35
SBI,Justin Jackson,XXXX2579,House,81457.37,23-01-2024,Medium,,1,,11-08-2024,275062.83,24933.73
HDFC Bank,Eric Henderson,XXXX2631,House,445541.94,19-12-2023,Low,1,,,18-05-2023,251983.55,2227.66
ICICI Bank,Michael Chavez MD,XXXX4380,Car,246625.38,27-01-2025,Low,1,,,29-08-2025,,0
Axis Bank,Jasmine Walker,XXXX2600,Car,188204.75,15-06-2025,Medium,,1,,10-02-2025,301462.19,12320.66
Kotak Mahindra,Bryan Moore,XXXX5345,Car,358259.08,21-01-2024,Low,1,,,13-07-2024,462155.64,12126.04
Kotak Mahindra,Leah Newton,XXXX3197,House,306680.16,08-08-2023,High,,1,,03-02-2023,168991.25,8894.14
Axis Bank,Jesse Hicks,XXXX6691,Car,472085.64,03-05-2024,Low,1,,,28-06-2024,439005.21,34107.81
ICICI Bank,Linda Rice,XXXX5537,House,477469.04,17-05-2025,Low,,1,,09-11-2025,178259.94,76.43
HDFC Bank,Kimberly Peterson,XXXX9783,House,103879.94,24-12-2024,Medium,,1,,21-04-2024,54335.94,3798.74
Kotak Mahindra,Christopher Duncan,XXXX2271,House,468916.39,20-03-2025,High,,1,,09-08-2025,109093.27,7130.39
Axis Bank,Matthew James,XXXX6635,Car,457946.33,12-06-2024,High,,,1,28-03-2024,175724.72,17841.18
Kotak Mahindra,Kevin Lee,XXXX8685,Car,115907.21,13-01-2024,Low,,1,,24-12-2024,158723.31,17361.82
Axis Bank,Alexis Larsen,XXXX2663,House,162803.71,09-01-2024,Low,,1,,28-03-2024,,0
SBI,Mary Villegas,XXXX7969,House,190877.08,06-03-2024,Medium,,,1,19-11-2024,344349.34,31056.37
ICICI Bank,Virginia Stone,XXXX2363,Car,428044,23-07-2024,Medium,1,,,05-02-2024,428877.75,20263.56
ICICI Bank,Devin Rodriguez,XXXX4463,Car,111894.67,13-03-2025,Medium,,1,,12-05-2025,,0
HDFC Bank,Susan Norman,XXXX6586,House,463524.13,23-08-2023,Medium,1,,,20-09-2023,,0
ICICI Bank,Anthony Price,XXXX5971,Car,402204.18,03-09-2024,Low,1,,,21-12-2024,391757.61,26575.08
HDFC Bank,Michele Mayo,XXXX5325,Car,192581.87,22-07-2025,Medium,,1,,07-01-2025,329261.29,20490.51
ICICI Bank,James Graves,XXXX9678,House,203171.9,26-04-2025,Medium,,,1,24-06-2025,,0
ICICI Bank,Joseph Gibson,XXXX5147,Car,416038,20-05-2025,High,,1,,26-02-2025,53151.99,2604.83
Axis Bank,Brittany Walker,XXXX9671,House,50897.12,28-03-2024,High,,1,,04-08-2024,58348.58,232.02
SBI,Jenna Scott,XXXX9594,House,360279.47,01-08-2024,High,1,,,20-07-2024,406876.34,32251.55
Kotak Mahindra,Ashley Martin,XXXX8577,Car,80990.73,09-08-2023,Low,,1,,15-07-2023,,0
HDFC Bank,Edward Cooper,XXXX8239,Car,56489.41,04-12-2023,Low,,1,,20-05-2023,397696.72,33418.98
SBI,Angela King,XXXX3935,Car,326590.82,29-08-2024,Low,,1,,05-02-2024,446964.12,42254.1
Kotak Mahindra,Kenneth Williams,XXXX7004,Car,251912.08,20-11-2023,High,,1,,19-04-2023,396222.1,14742.63
HDFC Bank,Michelle Collins,XXXX4915,House,229217.22,12-07-2024,Medium,1,,,01-04-2024,,0
Kotak Mahindra,Stefanie Thomas,XXXX4867,Car,92727.38,16-07-2025,Low,1,,,24-10-2025,133934.48,12277.44
HDFC Bank,Jason Owen,XXXX4777,Car,149250.91,23-02-2025,Medium,,1,,08-09-2025,213441.23,22084.33
ICICI Bank,Jonathan Smith,XXXX9082,House,436284.14,05-05-2025,High,1,,,21-12-2025,399564.9,30349.34
ICICI Bank,Adam Turner,XXXX2573,Car,272964.69,08-07-2025,High,,1,,12-12-2025,,0
Kotak Mahindra,Peter Adams,XXXX5710,House,338838.38,10-05-2024,Low,,1,,06-08-2024,,0
Kotak Mahindra,Carl Parker,XXXX2496,House,90606.06,05-10-2024,High,,1,,12-11-2024,284195.46,1355.05
SBI,Cindy Schwartz,XXXX9409,House,427439.38,22-04-2025,Low,,1,,27-09-2025,81663.4,8020.78
HDFC Bank,Jonathan Esparza,XXXX2804,Car,283398.06,29-11-2023,Low,,1,,05-10-2023,332054.05,19640.71
Kotak Mahindra,David Wolfe,XXXX1161,Car,372651.55,19-03-2025,High,,1,,11-11-2025,59013.68,4042.24
HDFC Bank,Kristina Mclaughlin,XXXX4415,House,415246.68,17-12-2023,High,,1,,02-08-2023,327070.68,27780.89
Kotak Mahindra,William Ball,XXXX5267,Car,248974.72,16-11-2023,High,1,,,24-12-2023,50219.42,4936.39
HDFC Bank,Jeffrey Jones,XXXX4378,Car,176636.93,19-02-2024,Low,1,,,03-07-2024,475771.23,22211.75
Kotak Mahindra,Jacob Jones,XXXX2444,Car,334608.89,23-01-2024,Low,1,,,06-09-2024,453864.31,37355.88
ICICI Bank,Sonya Craig,XXXX9943,House,80315.43,23-10-2023,High,1,,,11-02-2023,201879.03,6503.49
SBI,Melanie Smith,XXXX6807,House,345146.56,02-11-2023,Low,1,,,31-10-2023,215085.19,6766.08
HDFC Bank,Alyssa Welch,XXXX2381,House,382092.78,12-06-2025,Low,1,,,13-10-2025,219037.16,21616.23
ICICI Bank,Anthony Jordan,XXXX2857,House,100213.34,21-05-2025,Low,,,1,10-07-2025,381361.78,35312.61
Axis Bank,Angela Ortega,XXXX2563,Car,337213.97,22-12-2023,Medium,,1,,15-08-2023,49728.47,2015.67
ICICI Bank,Keith Koch,XXXX4454,House,73277.36,15-01-2024,Medium,,1,,11-04-2024,402352.63,14171.14
Kotak Mahindra,Carlos Burton,XXXX7789,Car,465199.34,15-01-2025,Medium,,,1,25-03-2025,195733.25,18897.11
ICICI Bank,Joshua Allen,XXXX5987,Car,288004.08,05-12-2024,Medium,,1,,24-07-2024,303707.74,6292.75
ICICI Bank,Monica Kelly,XXXX3890,House,255737.54,13-07-2025,Medium,,1,,25-07-2025,204039.6,4055.91
Kotak Mahindra,Allison Johnson,XXXX2325,House,87341.42,02-12-2024,High,1,,,29-03-2024,439460.9,5668.29
HDFC Bank,Edwin Crawford,XXXX6773,House,435801.44,25-06-2025,Low,,,1,04-12-2025,121459.59,7311.34
Axis Bank,Rebecca Smith,XXXX6471,Car,133503.82,01-11-2024,Medium,1,,,28-01-2024,356960.28,22267.05
SBI,Juan Dennis,XXXX4911,Car,282731.59,07-07-2025,High,,1,,28-10-2025,302678.51,15744.58
Kotak Mahindra,Erica Shaw,XXXX5529,House,366617.36,01-04-2024,High,1,,,30-08-2024,257500.11,28242.55
ICICI Bank,Donald Ortega,XXXX2272,Car,159244.06,27-11-2024,Low,1,,,25-02-2024,209654.9,14673.84
SBI,Emily Stark,XXXX8557,House,66821.28,20-04-2024,Low,,1,,18-01-2024,,0
ICICI Bank,Angela Hicks,XXXX1610,House,170085.99,02-03-2024,Low,,1,,03-11-2024,266472.06,24220.96
Axis Bank,April Simmons,XXXX7192,House,183685.61,29-06-2025,Medium,1,,,11-07-2025,249734.75,1843.39
HDFC Bank,Maxwell Andersen,XXXX6523,House,244492.24,15-10-2024,Low,1,,,29-04-2024,,0
Kotak Mahindra,Sierra Bennett,XXXX2935,Car,479171.78,03-11-2023,High,1,,,12-02-2023,402324.86,3986.86
Kotak Mahindra,Wesley Peters,XXXX7675,House,441408.44,26-02-2025,High,1,,,28-11-2025,283261.87,203.08
SBI,Michael Johnson,XXXX1250,House,148644.29,01-04-2025,Medium,1,,,01-03-2025,408767.39,18096.96
Axis Bank,Jermaine Harris,XXXX2140,House,112929.18,10-05-2024,High,,1,,20-05-2024,221453.66,22509.9
Kotak Mahindra,Bridget Lawson,XXXX6860,House,63021.58,04-04-2025,Low,,1,,01-12-2025,293740.33,22726.8
Kotak Mahindra,Gregory Rice,XXXX6221,House,173154.49,21-06-2025,Low,1,,,13-09-2025,344560.84,35131.02
Axis Bank,Melinda Rodgers,XXXX7628,House,495765.71,17-04-2024,Medium,,1,,20-10-2024,72718.09,2853.6
SBI,Briana Allen,XXXX1460,Car,289938.86,19-12-2023,High,,1,,30-12-2023,416558.89,9816.25
SBI,Meagan Maldonado,XXXX4750,House,272653.86,25-05-2025,Low,1,,,20-12-2025,347111.11,31346.1
Axis Bank,Matthew Brown,XXXX1310,Car,263632.08,13-09-2024,Low,,1,,01-06-2024,443291.71,3213.45
Kotak Mahindra,Kevin Robinson,XXXX7979,House,368026.65,30-06-2025,High,1,,,02-12-2025,,0
Axis Bank,Greg Davies,XXXX9733,House,128380.22,10-05-2024,Low,,1,,08-09-2024,163284.21,2384.94
HDFC Bank,Brian Perez,XXXX5561,House,411407.61,03-10-2023,High,,1,,16-01-2023,,0
ICICI Bank,Edward Woodward,XXXX4168,Car,350270.02,05-12-2023,Low,,1,,27-10-2023,,0
SBI,Barbara Vazquez,XXXX3859,House,194950.24,05-12-2023,Medium,1,,,28-01-2023,,0
Axis Bank,Alexander Aguilar,XXXX1451,House,264353.29,20-02-2024,Medium,,1,,06-10-2024,282309.98,15178.98
Axis Bank,Paul Davis,XXXX5322,Car,217396.2,11-05-2025,High,1,,,25-06-2025,261604.7,17991.36
HDFC Bank,Stacey Porter,XXXX9387,Car,345350.23,19-05-2024,High,,1,,29-11-2024,432755.6,38882.21
ICICI Bank,Thomas King,XXXX1849,House,323588.87,17-12-2024,High,1,,,31-05-2024,450613.38,26672.42
SBI,Jennifer Barnes,XXXX1264,House,396143.52,03-09-2024,High,1,,,18-07-2024,,0
HDFC Bank,Antonio Ramos,XXXX9713,House,80577.52,21-03-2025,Medium,1,,,09-02-2025,,0
ICICI Bank,Drew Flores,XXXX7757,House,216538.59,07-02-2024,Medium,,1,,25-04-2024,304625.56,2269.49
Axis Bank,Tara Bryan,XXXX4736,House,266576.74,03-05-2024,Medium,,1,,24-05-2024,215494.23,14590.72
SBI,Leslie Wilson,XXXX4346,Car,427983.92,26-05-2025,Low,,1,,12-10-2025,,0
HDFC Bank,Timothy Chavez,XXXX6594,Car,195708.4,24-05-2024,Medium,1,,,27-09-2024,216868.26,16772.04
Kotak Mahindra,Kimberly Barton,XXXX6878,House,204175.94,16-04-2024,Low,,1,,08-07-2024,345809.24,10409.54
SBI,Kevin Thompson,XXXX3656,Car,220392.79,26-03-2025,Medium,1,,,02-04-2025,57968.71,4183.42
SBI,Amanda Lee,XXXX6894,Car,276111.09,03-07-2025,Medium,1,,,26-07-2025,439809.39,4498.71
Kotak Mahindra,James Jones,XXXX1333,House,425237.91,04-02-2024,Medium,1,,,28-08-2024,148153.99,16132.92
ICICI Bank,Amanda Swanson,XXXX4600,Car,55056.83,02-11-2024,Low,1,,,13-08-2024,413261.73,12492.03
Kotak Mahindra,Melissa Williams,XXXX1367,House,420533.03,05-10-2023,High,1,,,09-08-2023,443906.07,11841.44
Axis Bank,Shelia Green,XXXX1037,Car,129519.36,18-03-2025,Low,,1,,18-06-2025,,0
Kotak Mahindra,Brian Humphrey,XXXX4264,House,60693.55,27-02-2024,Medium,1,,,28-04-2024,,0
Axis Bank,Rebecca Torres,XXXX1324,House,80178.35,02-05-2025,Medium,1,,,21-02-2025,490528.8,2340.08
SBI,Christine Kennedy,XXXX2154,House,71199.4,13-01-2024,Low,1,,,27-12-2024,238991.12,2793.98
ICICI Bank,Catherine Bullock,XXXX5313,House,301609.1,13-03-2025,Low,1,,,11-01-2025,203243.52,14632.65
ICICI Bank,James Conrad,XXXX3056,House,395569.36,20-02-2025,Low,,1,,07-11-2025,217813.15,5.44
Kotak Mahindra,Kaitlyn Parker MD,XXXX3613,Car,402307.52,29-04-2025,High,,1,,01-03-2025,,0
Axis Bank,Melissa Walter,XXXX5262,Car,200457.02,29-03-2025,Medium,1,,,15-07-2025,352663.02,8056.22
Axis Bank,Mason Hahn,XXXX9980,House,121942.1,11-11-2024,High,,1,,13-03-2024,450016.99,28019.19
ICICI Bank,Jacqueline Mitchell,XXXX7603,Car,452059.44,27-02-2024,High,1,,,21-05-2024,132625.54,4488.17
HDFC Bank,Bethany Smith,XXXX7671,House,107889.95,19-12-2024,Medium,1,,,09-02-2024,,0
ICICI Bank,Alicia Wright,XXXX8808,House,397335.13,10-09-2024,High,,1,,03-11-2024,,0
Axis Bank,Brian Cook,XXXX3785,Car,404442.2,31-05-2025,Low,1,,,13-06-2025,266364.15,16275.54
ICICI Bank,Vincent Maddox,XXXX1101,House,53031.07,14-12-2023,High,,1,,16-11-2023,241384.4,869.85
Kotak Mahindra,Travis White,XXXX9021,Car,435337.58,13-11-2023,Low,,1,,12-09-2023,114838.59,8559.46
Axis Bank,Angela Shaw,XXXX7862,Car,92926.67,02-08-2025,Low,,1,,26-08-2025,,0
HDFC Bank,Jeanne White,XXXX9260,Car,206883.03,26-07-2024,Medium,,1,,12-07-2024,246661.73,22712.6
HDFC Bank,Megan Robertson,XXXX9779,House,444737.21,12-10-2023,Medium,,,1,09-12-2023,191335.97,2993.88
SBI,Nicholas Wong,XXXX1590,Car,415333.97,18-12-2023,High,,1,,01-09-2023,346155.18,5700.74
HDFC Bank,Adam Sutton,XXXX4465,House,468986.89,10-12-2023,High,,1,,08-04-2023,303294.66,20161.53
HDFC Bank,Blake Reyes,XXXX5144,Car,371078.37,27-03-2025,Low,,1,,31-03-2025,,0
Kotak Mahindra,Michelle Barrett,XXXX4644,House,395524.37,07-05-2025,Medium,,1,,18-06-2025,,0
HDFC Bank,Emma Boyer,XXXX2243,Car,169967.04,22-06-2024,Low,,1,,13-12-2024,436090.04,45782.83
Kotak Mahindra,Shawn Lynch,XXXX4018,House,488285.5,09-11-2024,Medium,1,,,31-08-2024,,0
Kotak Mahindra,Matthew Holden,XXXX5607,Car,451189.42,31-05-2024,Low,1,,,11-04-2024,,0
Kotak Mahindra,Michael Buchanan,XXXX6862,House,161635.63,20-02-2025,Medium,,1,,05-11-2025,66306.48,5277
Kotak Mahindra,Nicole Martinez,XXXX8227,House,77968.88,16-12-2024,Low,,1,,10-09-2024,,0
Axis Bank,Paul Gillespie,XXXX6505,Car,143160.47,04-01-2025,Low,1,,,08-07-2025,208157.56,16309.15
HDFC Bank,Dana Jones,XXXX6370,House,455632.93,15-05-2025,High,,1,,09-10-2025,200823.19,9303.04
ICICI Bank,Kevin Casey,XXXX4012,Car,352776.78,14-08-2023,Low,1,,,11-09-2023,424904.25,43936.23
ICICI Bank,Kathleen Flynn,XXXX9951,Car,490884.34,13-09-2023,Medium,1,,,17-05-2023,,0
Axis Bank,Jenny Little,XXXX8648,House,332452.01,31-01-2025,Low,,1,,24-06-2025,,0
Axis Bank,Emily Foster,XXXX6740,Car,340735.27,25-11-2023,Medium,,1,,27-01-2023,,0
Kotak Mahindra,Jared Reed III,XXXX8633,House,364254.41,09-05-2025,Medium,1,,,13-02-2025,53825.05,1201.39
ICICI Bank,Tina Green,XXXX7491,Car,201144.83,31-03-2025,Low,,1,,08-09-2025,236511.86,23389.6
ICICI Bank,Shane Harvey,XXXX7584,Car,390517.84,14-12-2023,Medium,,1,,08-05-2023,116400.59,3551.33
Axis Bank,Donald Tucker,XXXX3852,Car,140231.1,27-05-2025,Low,1,,,19-11-2025,113190.49,9459.82
ICICI Bank,Mr. Timothy Allen,XXXX3809,House,392144.36,11-02-2025,High,,1,,25-12-2025,170588.52,5217.17
Axis Bank,Sara Horton,XXXX6263,Car,301018.14,20-03-2025,Medium,1,,,31-03-2025,283042.62,8785.33
Kotak Mahindra,Sarah Moreno,XXXX2471,House,492327.24,19-04-2025,Medium,1,,,25-12-2025,104500.01,1204.18
HDFC Bank,Mrs. Gabriella Willis,XXXX2505,Car,183618.47,26-10-2023,High,1,,,17-09-2023,96071.86,7883.66
ICICI Bank,Cody Washington,XXXX8253,Car,451793.17,06-02-2024,Low,1,,,08-08-2024,,0
Axis Bank,Marie Long,XXXX6772,Car,132032.69,16-05-2025,High,,1,,07-02-2025,79814.78,6459.76
Kotak Mahindra,Brandon Singleton,XXXX9524,Car,263865.91,14-03-2025,Medium,1,,,26-11-2025,304029.22,29347.15
Kotak Mahindra,Daniel May,XXXX6565,Car,170906.25,31-08-2024,Low,1,,,05-05-2024,333977.18,9555.69
Kotak Mahindra,Brittany Payne,XXXX4307,Car,151649.76,13-02-2024,Medium,,1,,03-04-2024,307000.97,17719.86
SBI,Brandon Mendez,XXXX4941,Car,260328.3,24-03-2025,Medium,,1,,03-02-2025,180924.77,652.65
SBI,Chase Delgado,XXXX1132,House,275505.18,16-10-2023,Medium,1,,,18-12-2023,129009.5,6771.63
SBI,Amy Oconnor,XXXX9218,Car,175458.68,24-08-2023,Medium,,1,,10-02-2023,275948.96,27941.26
HDFC Bank,Shannon Harrington,XXXX8502,Car,185637.14,14-11-2024,High,,1,,15-04-2024,,0
Kotak Mahindra,Kimberly Miller,XXXX9001,Car,84989.05,26-04-2025,High,,1,,09-01-2025,288753.59,14557
Axis Bank,Tyler Johnson,XXXX4647,Car,90191.01,25-11-2023,Medium,,1,,05-09-2023,,0
ICICI Bank,Kathleen Hunt,XXXX3487,House,393618.68,21-04-2024,Medium,1,,,12-01-2024,272612.85,7669.67
SBI,Ronald Thompson,XXXX6270,Car,365823.49,23-05-2024,Medium,1,,,28-11-2024,476262.68,9011.2
ICICI Bank,Leslie Davis,XXXX7214,House,353100.7,20-02-2024,High,,1,,17-01-2024,,0
SBI,Adam Bass,XXXX1022,Car,59846.12,18-05-2024,Low,,1,,07-01-2024,99235.43,9331.29
Kotak Mahindra,Nicole Johnston,XXXX7745,Car,131807.34,21-07-2025,Medium,,1,,22-08-2025,441714.53,29673.69
Kotak Mahindra,Diana Clark,XXXX2815,Car,57493.75,02-10-2023,Medium,1,,,08-05-2023,301835.45,24218.22
Axis Bank,Megan Bell,XXXX4660,Car,319990.96,20-08-2024,High,1,,,14-11-2024,397320.56,33408.5
Axis Bank,Phillip Morris,XXXX4007,House,65923.55,03-02-2024,Medium,,,1,28-10-2024,279211.62,195.11
ICICI Bank,Breanna Perry,XXXX5757,Car,322430.85,23-05-2024,Medium,,1,,03-12-2024,249426.83,16605.75
ICICI Bank,Kristina Forbes,XXXX2137,House,262331.94,09-05-2024,Low,1,,,28-05-2024,56288.26,6000.99
Axis Bank,Jessica Farmer,XXXX5858,House,92467.72,27-05-2024,Medium,1,,,07-08-2024,363242.72,20277.21
Axis Bank,Isaiah Crawford,XXXX8300,Car,309161.93,31-07-2025,High,1,,,08-01-2025,131573.06,7355.02
SBI,Jordan Gilmore,XXXX3126,House,391130.76,26-07-2025,Low,,1,,01-09-2025,243462.26,11781.7
Kotak Mahindra,David Taylor,XXXX7030,Car,172350.63,21-06-2025,Medium,,1,,27-03-2025,177701.07,5966.79
Kotak Mahindra,Terri Evans,XXXX1773,House,65711.27,11-10-2024,Medium,1,,,17-12-2024,220498.37,7826.45
Axis Bank,Jeffrey Ford,XXXX7695,House,72187.96,17-05-2025,Low,1,,,04-07-2025,487343.82,3820.75
ICICI Bank,Matthew Rosales,XXXX1219,House,304499.4,26-10-2023,High,1,,,22-05-2023,,0
Kotak Mahindra,Sharon Adams PhD,XXXX9615,House,72380.3,11-02-2025,Medium,1,,,18-09-2025,180351.22,12166.28
ICICI Bank,Jodi Li,XXXX5386,House,252314.87,17-05-2024,Low,1,,,29-02-2024,132335.33,1702.14
SBI,Julie Carr,XXXX7945,Car,438460.74,03-04-2025,Medium,,1,,09-07-2025,98493.63,3564.36
Axis Bank,Jennifer Skinner,XXXX5570,House,151846.75,21-02-2024,Low,,1,,16-10-2024,,0
HDFC Bank,Kevin Scott,XXXX2715,House,303989.37,17-04-2024,Medium,,1,,08-01-2024,85414.01,5491.22
SBI,Brianna Hooper,XXXX7153,House,487420.25,31-12-2023,High,1,,,21-01-2023,121940.14,8200.66
HDFC Bank,Daniel Newman,XXXX1604,Car,494478.78,29-06-2024,Low,1,,,04-01-2024,126885.55,13459.51
HDFC Bank,Joseph Davis,XXXX9631,Car,117599.01,18-01-2025,High,,1,,03-08-2025,344399.78,31634.33
Kotak Mahindra,Karen Nunez,XXXX8623,Car,444565.45,21-04-2025,Medium,1,,,01-10-2025,391402.87,32405.21
SBI,Jermaine Lewis,XXXX7406,House,205450.55,12-04-2024,Low,,1,,17-04-2024,256913.04,6104.45
Kotak Mahindra,Corey Anthony,XXXX1042,House,370762.35,04-05-2025,Low,,,1,06-10-2025,329988.27,15630.4
ICICI Bank,David Acosta,XXXX6861,House,73210.11,28-07-2025,High,,1,,27-08-2025,460069.86,3747.71
Kotak Mahindra,Wendy Davis,XXXX2262,Car,489686.37,19-02-2024,High,1,,,11-11-2024,,0
Axis Bank,Andrea Roman,XXXX2725,Car,161851.58,06-03-2024,Low,1,,,10-10-2024,249939.85,8888.61
Axis Bank,Stephanie Walker,XXXX7493,Car,224165.77,02-08-2024,Medium,1,,,27-03-2024,212624.87,21010.06
Kotak Mahindra,Erin Bryant,XXXX1395,House,69428.32,22-02-2025,Low,,,1,19-05-2025,128648.92,10120.93
HDFC Bank,Johnny Miller,XXXX7905,Car,373261.39,08-12-2023,High,,1,,07-04-2023,283194.5,26463.05
HDFC Bank,Rebecca Nixon,XXXX5167,House,403412.53,15-01-2024,High,,1,,17-09-2024,54743.78,2028.49
ICICI Bank,Patrick Palmer,XXXX1762,House,90007.07,07-05-2024,High,1,,,05-01-2024,334499.34,7423.94
Axis Bank,Kevin Meyers,XXXX9639,Car,267074.71,15-02-2025,High,1,,,29-05-2025,381579.3,20673.07
HDFC Bank,Dr. Brian Howe,XXXX6500,Car,252334.84,01-08-2025,Medium,1,,,24-06-2025,421182.46,2984.23
HDFC Bank,Courtney Freeman,XXXX6392,Car,469452.36,14-06-2024,Medium,,1,,06-08-2024,182727.6,1324.83
Kotak Mahindra,Mark Dawson,XXXX6736,House,380386.46,01-10-2024,Medium,1,,,26-10-2024,131540.41,1903.84
Kotak Mahindra,Richard Chapman,XXXX2544,House,101984.95,28-08-2024,Low,,1,,12-05-2024,227648.16,1623.6
SBI,Dana Fry,XXXX1054,House,441001.2,18-06-2024,Medium,,1,,10-09-2024,292994.16,910.44
HDFC Bank,Kathryn Brown,XXXX1577,House,244264.81,18-04-2024,Medium,,1,,27-12-2024,379998.59,33926.54
Axis Bank,Traci Arellano,XXXX7793,Car,387287.15,09-05-2024,High,1,,,15-06-2024,259566.58,9354.24
HDFC Bank,Craig Huffman,XXXX5167,House,310646.5,25-10-2023,High,,1,,21-07-2023,197957.84,8463
SBI,Brian Jacobs,XXXX2359,Car,349858.24,10-12-2024,High,,1,,18-07-2024,,0
Kotak Mahindra,Christopher English,XXXX4665,Car,381888.52,01-03-2025,Medium,,1,,13-03-2025,,0
HDFC Bank,Hannah Mckenzie,XXXX9077,House,343020.53,04-04-2024,Low,,1,,12-05-2024,182560.25,17335.6
Kotak Mahindra,Peter Simmons,XXXX8593,Car,478803.3,25-06-2025,High,1,,,02-11-2025,338302.62,30129.39
Axis Bank,Timothy Graves,XXXX5436,House,218958.8,10-11-2024,Low,1,,,09-02-2024,101690.19,2191.17
Axis Bank,Patrick Clark,XXXX9173,House,71978.87,22-02-2024,Medium,1,,,30-03-2024,490951.99,7964.33
Axis Bank,Kyle Parsons,XXXX6828,Car,165425.96,26-01-2025,Medium,1,,,03-12-2025,122546.21,4045.1
Axis Bank,Joshua Holmes,XXXX7555,House,126402.61,06-08-2024,Low,1,,,24-08-2024,123887.74,12743.86
Kotak Mahindra,Sandra Adams,XXXX1895,House,112142.42,25-08-2023,Medium,,1,,06-01-2023,139708.01,15043.35
SBI,Jennifer Baxter,XXXX4062,House,383448.16,01-06-2025,Low,,1,,27-01-2025,345960.5,24146.26
SBI,Christine Anderson,XXXX2528,House,211952.6,26-10-2023,Low,1,,,10-07-2023,260087.46,21899.53
HDFC Bank,Victoria Johnson,XXXX4689,Car,53473.7,05-09-2024,Low,,1,,11-04-2024,,0
SBI,Alexandra Figueroa,XXXX7663,Car,187253.63,03-11-2023,High,1,,,26-02-2023,386349.41,42020.33
ICICI Bank,Nicole Dunlap,XXXX7358,House,170797.83,18-01-2025,Medium,,1,,10-06-2025,255901.4,25966.88
Axis Bank,Mason Thomas,XXXX6441,Car,69466.57,25-12-2024,High,,1,,28-07-2024,296356.9,19424.3
Kotak Mahindra,Brandon Gibson,XXXX1900,House,55509.01,20-05-2024,Medium,1,,,16-05-2024,,0
SBI,Natalie Adams,XXXX2883,Car,459093.33,27-02-2024,High,,1,,22-09-2024,64159.94,6690.57
HDFC Bank,Hailey Barker,XXXX7454,House,415728.38,09-05-2025,Medium,1,,,09-11-2025,,0
Kotak Mahindra,Dr. Clinton Lee MD,XXXX1875,Car,65332.2,10-03-2024,Low,,1,,23-10-2024,341439.6,1043.78
ICICI Bank,Martha Woodward,XXXX9199,House,78056.57,05-11-2023,Medium,1,,,21-12-2023,63872.42,6992.47
SBI,Phillip Humphrey,XXXX7001,House,236702.72,27-11-2023,Low,,1,,29-09-2023,,0
HDFC Bank,Lisa Blair,XXXX3747,House,179405.56,12-04-2024,Medium,1,,,13-02-2024,,0
HDFC Bank,Helen Harris,XXXX4143,Car,310004.19,16-04-2024,High,1,,,17-01-2024,62371.43,3633.08
SBI,Keith Mitchell,XXXX3887,Car,234431.73,21-05-2025,Low,,1,,13-12-2025,,0
Axis Bank,Dawn Larsen,XXXX3481,Car,356975.33,22-07-2025,Low,1,,,25-03-2025,462308.48,8568.46
HDFC Bank,David Brown,XXXX3367,Car,463527.6,06-12-2023,High,,1,,07-12-2023,429261.58,8341.42
ICICI Bank,Thomas Luna,XXXX1944,Car,204158.82,01-02-2024,Medium,1,,,19-10-2024,223467.04,5746.3
Axis Bank,Carrie Durham,XXXX8097,House,432915.45,04-06-2024,Medium,,1,,02-04-2024,84737.22,1317.92
Axis Bank,Christian Parker,XXXX2404,House,498848.52,11-10-2024,Medium,,1,,13-11-2024,314173.87,15539.85
Kotak Mahindra,Dana Ross,XXXX1021,Car,467729.83,30-08-2023,Medium,,1,,02-02-2023,64680.87,1586.18
HDFC Bank,Kathy Potter,XXXX1464,House,53293.44,05-01-2024,Medium,1,,,28-04-2024,214393.39,9635.47
ICICI Bank,Christine Ross,XXXX9924,Car,273153.39,27-02-2024,High,,,1,13-08-2024,,0
Axis Bank,Christopher Fowler,XXXX7058,House,328424.32,08-05-2025,High,,,1,29-11-2025,249065.73,7435.73
Axis Bank,Jade Hebert,XXXX8743,House,310071.16,29-07-2025,Low,,,1,25-07-2025,241909.65,18767.03
SBI,Ashley Irwin,XXXX6191,House,381953.86,11-11-2023,High,,1,,27-12-2023,52451.17,3918.2
HDFC Bank,Christie Lee,XXXX7963,House,120042.28,02-05-2025,Low,,1,,01-03-2025,211816.98,23044.27
SBI,Mitchell Benson,XXXX9508,House,160304.56,23-12-2024,Low,1,,,22-11-2024,,0
HDFC Bank,Mrs. Cassandra Flores,XXXX5259,Car,354987.61,11-04-2024,Medium,,1,,24-03-2024,384592.39,26912.91
HDFC Bank,Amy Jones,XXXX6650,Car,239400.12,14-02-2025,Low,1,,,17-09-2025,141239.17,1934.03
Axis Bank,April Chaney,XXXX9665,House,227124.95,30-05-2025,High,1,,,20-09-2025,382235.74,11650.88
SBI,Candice Perez,XXXX2839,Car,349405.05,18-11-2024,High,1,,,21-06-2024,258032.4,25462.55
ICICI Bank,Rebecca Schultz,XXXX7776,House,338444.59,20-04-2024,High,1,,,09-06-2024,396876.35,37993.04
Kotak Mahindra,Jason Allen,XXXX7373,Car,387725.68,24-11-2024,High,,1,,20-11-2024,112120.21,1411.19
ICICI Bank,Alexis Moore,XXXX6614,House,354245.91,28-03-2025,Low,,,1,05-08-2025,141582.27,9387
Kotak Mahindra,Laurie Braun,XXXX9704,House,268647.86,16-06-2025,High,1,,,15-08-2025,440393.39,46340.31
HDFC Bank,Christopher Cameron,XXXX1457,House,422611.65,12-09-2024,High,1,,,18-07-2024,100189.6,5800.78
Kotak Mahindra,Andrew Hall,XXXX4067,Car,143538.28,07-03-2025,Medium,,1,,03-02-2025,419537.8,29569.85
HDFC Bank,Anthony Rhodes,XXXX3171,Car,222763.5,11-11-2024,Low,,1,,02-02-2024,285825.84,24741.13
Axis Bank,Patrick Nguyen,XXXX4996,Car,291210.98,13-03-2024,Low,1,,,12-11-2024,,0
SBI,Rodney Stone,XXXX4188,House,498169.39,16-09-2023,Low,,1,,15-03-2023,216429.21,1364.14
Kotak Mahindra,Tracy Dominguez,XXXX8228,House,173230.89,15-02-2025,Medium,1,,,18-10-2025,,0
HDFC Bank,Rebecca Woodward,XXXX2820,House,147645.02,18-09-2023,Medium,,1,,02-11-2023,165172.2,5467.71
Axis Bank,Walter Hays,XXXX6564,House,290862.59,19-11-2024,High,,1,,07-05-2024,179223.5,5280.88
Axis Bank,Holly Allen,XXXX6199,House,333959.99,28-08-2024,Medium,1,,,28-09-2024,221765.31,23596.66
Kotak Mahindra,Allison Miller,XXXX8379,Car,428178.05,08-01-2025,High,1,,,14-06-2025,,0
Kotak Mahindra,Micheal Powell,XXXX4902,House,71899.93,27-05-2024,Medium,,1,,22-06-2024,,0
HDFC Bank,Peter Jacobs,XXXX6992,House,136739.23,28-12-2023,High,,,1,04-04-2023,170798.13,9519.93
ICICI Bank,Christina Gilmore,XXXX9239,Car,480659.31,01-07-2024,Medium,,1,,03-03-2024,213959.74,11396.73
SBI,Michelle Davis,XXXX6074,House,427479.6,11-04-2024,High,,1,,30-03-2024,351180.49,5683.61
HDFC Bank,Dennis Bailey,XXXX5123,House,333015.81,10-04-2025,High,,1,,22-06-2025,,0
HDFC Bank,Heather Jordan,XXXX6167,House,445535.47,14-02-2024,Medium,,,1,16-06-2024,,0
SBI,Jennifer Watson,XXXX8215,Car,124082.15,04-12-2024,Medium,1,,,24-10-2024,76373.04,6333.57
HDFC Bank,Barbara Skinner,XXXX7282,Car,474316.14,23-10-2024,Low,1,,,23-11-2024,148170.89,6386.04
HDFC Bank,Kaitlin Mitchell,XXXX8515,House,53056.91,29-05-2025,High,1,,,09-03-2025,458209.56,3201.72
ICICI Bank,Jennifer Harrison,XXXX3549,Car,145281.82,14-06-2025,Medium,1,,,07-10-2025,275743.24,18013.11
HDFC Bank,Donald Davis,XXXX7508,House,261655.04,16-01-2024,High,1,,,20-11-2024,428052.89,12492.09
HDFC Bank,Jose Reyes DVM,XXXX5840,House,332432.5,06-05-2025,Low,1,,,29-04-2025,361260.89,23065.59
HDFC Bank,Erin Parker,XXXX9558,Car,322881.52,16-06-2024,High,1,,,28-08-2024,70010.82,935.12
Kotak Mahindra,Casey Williams,XXXX1374,Car,247008.66,08-04-2025,Medium,,1,,01-11-2025,,0
SBI,Jeff Carroll,XXXX7593,Car,471190.62,21-10-2024,Medium,,1,,28-02-2024,310812.92,4598.88
SBI,Robert Baxter,XXXX6140,House,238276.75,03-08-2025,Medium,1,,,21-06-2025,114133.77,3722.13
SBI,Cathy Russell,XXXX8176,Car,287608.14,29-12-2024,Medium,1,,,30-12-2024,85437.05,2588.92
SBI,Eric Curtis,XXXX1001,House,83245.55,11-04-2024,Medium,,1,,19-07-2024,,0
SBI,Elizabeth Miller,XXXX5064,House,431517.47,29-11-2024,High,,1,,10-05-2024,90117.98,9366.89
HDFC Bank,Jason Coleman,XXXX3148,Car,80408.36,15-01-2024,High,1,,,17-06-2024,341281.24,26046.51
SBI,Anthony Mckinney,XXXX7265,Car,341456.32,08-11-2023,Medium,1,,,29-05-2023,86357.48,4606.19
HDFC Bank,Brittany Rosales,XXXX1299,House,404507.6,22-03-2025,Low,,1,,05-07-2025,354550.84,13638.1
Kotak Mahindra,Miranda Reese,XXXX1288,House,78362.02,22-06-2025,Low,,1,,09-03-2025,113396.77,3446.34
HDFC Bank,James Baxter,XXXX6691,Car,453194.53,01-05-2025,Medium,1,,,30-04-2025,415470.84,44846.27
SBI,Heidi Watson,XXXX4877,Car,425704.09,04-04-2025,High,,1,,30-04-2025,459091.25,263.44
Kotak Mahindra,Johnny Ashley,XXXX3519,Car,274380.02,07-05-2025,Low,1,,,29-12-2025,72729.7,1029.31
ICICI Bank,Jeremy Harper,XXXX4398,Car,480056.55,09-05-2025,High,1,,,11-03-2025,86196.86,3175.24
ICICI Bank,Wendy Gates,XXXX7501,House,485719.78,26-04-2024,Medium,1,,,03-12-2024,49833.27,4689.28
Kotak Mahindra,David Faulkner,XXXX7931,House,475655.36,11-03-2024,High,1,,,13-10-2024,224800.84,17557.68
Kotak Mahindra,Sara Boyd,XXXX3242,House,428862.46,24-08-2024,Low,,1,,27-08-2024,,0
Axis Bank,Marcus Morris,XXXX3947,House,108616,30-10-2023,Medium,1,,,24-11-2023,,0
Kotak Mahindra,Lori Ramirez,XXXX2663,House,456901.08,06-06-2025,High,,1,,08-08-2025,,0
Axis Bank,Andrea Chavez,XXXX4046,Car,68432.38,22-12-2024,Low,,1,,21-10-2024,,0
Kotak Mahindra,David Thomas,XXXX7181,Car,407815.11,24-01-2024,Medium,1,,,07-11-2024,109267.42,2097.84
Axis Bank,James Smith,XXXX8293,House,419722.39,28-11-2023,Low,,1,,17-02-2023,376139.6,22606.89
ICICI Bank,Janice Lopez,XXXX5728,House,439680.21,14-08-2024,High,,,1,03-01-2024,362660.7,29850.71
Axis Bank,Danielle Russell,XXXX2660,Car,369683.65,20-12-2024,Low,,1,,17-07-2024,430037.12,16633.69
ICICI Bank,Patrick Stone,XXXX2136,House,428912.98,01-07-2025,Low,,1,,07-10-2025,,0
SBI,Matthew Stone,XXXX7086,House,453537.22,27-09-2023,Medium,,,1,22-09-2023,386658.47,31674.3
Kotak Mahindra,Brian Roberts,XXXX7232,House,118173.14,15-11-2023,Low,,1,,11-02-2023,455844.36,7130.98
Axis Bank,Michael Pollard,XXXX8283,House,294205.1,03-04-2024,Medium,1,,,10-04-2024,146443.29,7443.7
ICICI Bank,Samantha Brewer,XXXX5965,House,357220.54,20-11-2023,Medium,,1,,27-03-2023,81017.69,215.16
Kotak Mahindra,Robert Rodriguez,XXXX3328,House,100655.64,31-03-2024,High,1,,,05-06-2024,240913.25,14452.54
Axis Bank,Dr. Darin Murphy DDS,XXXX7913,House,127737.78,19-10-2024,Low,,1,,09-01-2024,401956.79,3622.4
SBI,Curtis Herrera,XXXX8036,House,347928.72,22-05-2024,High,1,,,11-10-2024,,0
ICICI Bank,Valerie Hudson,XXXX5336,Car,372878.68,26-01-2024,High,1,,,20-09-2024,218642.01,1580.62
Axis Bank,Jorge Sloan,XXXX9371,Car,226132.65,09-10-2024,High,,1,,18-10-2024,219581.51,16017.33
Kotak Mahindra,Kelly Berry,XXXX1168,House,332251.54,17-03-2024,Medium,1,,,03-05-2024,105657.15,5715.12
SBI,Sara Anderson,XXXX4652,Car,409869.48,21-05-2025,Low,1,,,04-02-2025,227136.9,6651.66
HDFC Bank,Julie Wright,XXXX7770,Car,481785.93,28-12-2023,Low,,1,,10-12-2023,,0
SBI,Dennis Hall,XXXX5104,House,206710.12,27-07-2024,High,1,,,15-12-2024,375415.29,5045.91
Kotak Mahindra,Hailey Edwards,XXXX8667,House,133403.56,17-08-2024,Medium,1,,,12-02-2024,227461.35,19116.93
Kotak Mahindra,Mark Brewer,XXXX6579,House,156004.32,11-07-2025,Medium,,1,,10-01-2025,,0
ICICI Bank,Haley Jenkins,XXXX7347,House,442160.95,05-08-2024,Low,1,,,21-12-2024,265165.08,3321.14
SBI,Kelly Carter,XXXX1914,Car,189275.7,28-03-2024,Low,1,,,25-10-2024,247720.98,9478.36
SBI,Peter Ashley,XXXX3772,House,212468.48,24-06-2025,High,1,,,01-05-2025,310184.29,11860.82
Axis Bank,Matthew Lewis,XXXX3008,House,98311.69,08-04-2025,Medium,,,1,23-04-2025,223493.79,22540.67
Axis Bank,Jeremiah Johnson,XXXX8303,House,104433.91,27-10-2023,High,1,,,01-02-2023,449432.76,872.41
ICICI Bank,Tara Swanson,XXXX3215,Car,293359.22,30-01-2024,Medium,1,,,31-10-2024,254474.55,14864.86
Axis Bank,Elizabeth Taylor,XXXX5326,Car,385803.96,15-09-2024,Medium,,1,,16-11-2024,,0
SBI,Matthew Jackson,XXXX9354,House,255042.79,02-07-2025,Low,1,,,30-01-2025,347592.7,29458.42
Kotak Mahindra,Tracy Li,XXXX3729,Car,59119.57,20-12-2024,Low,,1,,26-03-2024,357510.96,9025.65
Axis Bank,Melinda Beard,XXXX3877,Car,492152.29,18-01-2024,Low,,1,,09-10-2024,183003.04,1145.06
Kotak Mahindra,Christopher Anderson,XXXX1075,House,277435.32,15-07-2025,Low,1,,,08-09-2025,,0
SBI,Maria Rojas,XXXX6101,Car,249131.44,08-05-2025,High,,1,,17-12-2025,379437.31,21295.55
Axis Bank,Teresa Taylor,XXXX7792,Car,52014.31,30-10-2024,Medium,1,,,19-02-2024,89932.16,8921.03
SBI,Wendy Warren,XXXX5561,House,165214.45,22-04-2025,Medium,,1,,17-02-2025,,0
ICICI Bank,Rebecca Gardner,XXXX8686,Car,455510.85,24-10-2023,High,,1,,24-12-2023,93136.78,7928.94
ICICI Bank,Robert Rivera,XXXX6212,House,325680.72,24-11-2023,Medium,1,,,18-11-2023,466065.38,20502.47
ICICI Bank,Luke Armstrong,XXXX8448,Car,294948.18,24-06-2025,Medium,,1,,25-03-2025,167997.44,18591.18
SBI,Robert Estrada,XXXX1797,House,419991.98,26-04-2025,Low,,1,,05-04-2025,,0
Kotak Mahindra,Chloe Ferrell,XXXX4319,Car,83033.15,02-11-2023,High,,1,,21-03-2023,367232.67,40615.39
ICICI Bank,Troy Butler,XXXX2868,Car,167407.62,11-05-2025,Medium,,1,,16-08-2025,72430.12,5087.19
HDFC Bank,Eric White,XXXX7706,House,209218.99,13-06-2024,Medium,,1,,19-07-2024,138613.1,1385.04
HDFC Bank,Sarah Jimenez,XXXX9862,Car,446816.09,03-06-2024,Low,1,,,23-07-2024,201564.56,5821.69
Axis Bank,Cynthia Henderson,XXXX1459,Car,387110.08,26-08-2023,Medium,,1,,11-06-2023,189733.95,12239.96
Axis Bank,Brett Petersen,XXXX1155,House,187977.56,24-09-2023,Medium,,1,,27-09-2023,242527.64,11665.26
Kotak Mahindra,Christian Alexander,XXXX6258,Car,297646.68,08-01-2024,Medium,1,,,11-06-2024,257334.91,4172.7
Axis Bank,Hannah Wilcox,XXXX7344,House,327225.29,24-05-2024,Low,1,,,28-02-2024,223566.21,12585.57
Kotak Mahindra,Jeremy Taylor,XXXX3275,Car,88813.47,21-08-2023,Medium,,1,,09-05-2023,106308.76,1383.79
ICICI Bank,Darius Palmer,XXXX4550,Car,233606.41,08-08-2023,Medium,1,,,07-11-2023,214674.97,22855.69
SBI,Kevin Waller,XXXX8681,Car,378402.02,22-09-2023,Low,,1,,03-09-2023,,0
HDFC Bank,Jacob Moore,XXXX5972,Car,93928.99,11-09-2024,High,1,,,04-09-2024,279340.26,23101.92
SBI,Victoria Evans,XXXX9533,Car,426066.31,02-05-2024,High,,1,,26-02-2024,163192.99,9824.71
ICICI Bank,Rebecca Thomas,XXXX1244,Car,318995.87,01-09-2023,Low,1,,,10-10-2023,102199.84,7536.7
SBI,James Gray,XXXX4074,Car,266565.44,09-08-2024,High,1,,,18-02-2024,468114.99,19345.82
Kotak Mahindra,Martin Kramer,XXXX1691,Car,142793.6,14-12-2023,Low,,,1,22-10-2023,310099.66,8774
Axis Bank,Paul Perry,XXXX4310,House,484617.69,13-09-2023,Medium,,1,,06-10-2023,177131.89,7203.26
Kotak Mahindra,Melissa Mendez,XXXX4436,House,219192.52,04-11-2024,Low,1,,,09-10-2024,53570.02,2665.02
ICICI Bank,Patricia Rodriguez,XXXX2176,Car,113396.68,05-09-2023,High,1,,,29-04-2023,318725.87,21251.76
HDFC Bank,Julia Bass,XXXX8573,Car,287179.02,11-02-2025,Medium,,,1,20-08-2025,276364.59,28423.81
SBI,Mary Dyer,XXXX9782,House,127176.03,19-11-2023,Medium,1,,,01-04-2023,124301.3,8247.85
Axis Bank,David Robertson,XXXX7594,House,304297.78,24-09-2024,Medium,1,,,05-02-2024,,0
SBI,Nicole Foley,XXXX7794,Car,317542.33,13-05-2024,Medium,1,,,09-10-2024,127697.58,12144.38
ICICI Bank,Thomas Smith,XXXX4369,House,442844.92,01-03-2025,Low,,1,,11-02-2025,341969.59,13461.38
ICICI Bank,Thomas Reyes,XXXX1196,House,408677.32,05-08-2025,High,1,,,02-08-2025,390913.84,24780.62
Kotak Mahindra,Steven Bridges,XXXX1110,Car,441490.46,22-07-2024,High,1,,,14-06-2024,363310.45,9812.69
Axis Bank,Ashley Hickman,XXXX8092,House,433115.16,17-11-2024,High,1,,,11-07-2024,92103.25,3577.35
HDFC Bank,Stacey Mckinney,XXXX3111,House,373180.25,22-06-2025,Medium,,1,,12-03-2025,465377.9,10361.54
ICICI Bank,Alexander Lee,XXXX8932,Car,361858.95,13-07-2025,Medium,1,,,31-07-2025,419102.49,4023.96
Kotak Mahindra,Melody Diaz,XXXX6620,House,379781.47,13-07-2024,Medium,1,,,24-06-2024,,0
Axis Bank,Ann Jensen,XXXX1781,Car,217867.91,20-03-2024,High,,1,,02-02-2024,250724.53,12075.84
ICICI Bank,Laura Jones,XXXX3442,House,252231.24,30-03-2024,Medium,,1,,11-10-2024,460103.96,15072.75
HDFC Bank,Jordan Sparks,XXXX1684,Car,380522.05,12-12-2024,Low,,1,,09-10-2024,63337.27,4734.3
Kotak Mahindra,Barbara Wise,XXXX6225,Car,224953.06,03-02-2024,Low,1,,,02-03-2024,125658.69,10428.56
HDFC Bank,Michael Smith,XXXX9454,Car,262831.35,26-04-2024,Medium,1,,,25-01-2024,192338.74,11783.5
Axis Bank,Tina Anderson,XXXX3981,House,444837.42,09-01-2024,Medium,1,,,03-07-2024,127025.23,2376.19
Kotak Mahindra,Jared Herrera,XXXX9899,Car,457311.18,13-10-2023,Low,,1,,04-09-2023,108970.52,142.21
SBI,Trevor Bishop,XXXX4393,House,443233.45,17-03-2025,High,1,,,23-07-2025,135073.98,13086.73
SBI,Jocelyn Harding,XXXX3484,House,155040.65,12-05-2025,Medium,1,,,29-03-2025,223199.6,9600.32
Axis Bank,Rachel Simmons,XXXX7707,House,327155.34,25-03-2025,Low,1,,,17-12-2025,305474.08,14233.48
Kotak Mahindra,Jerry Mcmahon,XXXX6060,House,332454.92,03-01-2024,Medium,1,,,22-10-2024,384785.65,6976.58
SBI,Corey Thomas,XXXX1219,House,431843.94,23-10-2024,High,,1,,09-10-2024,,0
HDFC Bank,Emily Dickerson,XXXX1810,Car,223056.86,20-03-2025,High,1,,,05-03-2025,428355.39,26980.11
HDFC Bank,Cathy Cunningham,XXXX3576,Car,213177.01,19-10-2023,High,1,,,07-07-2023,387790.04,31056
Axis Bank,Regina Bauer,XXXX1067,Car,452628.53,03-02-2024,Medium,,1,,17-11-2024,230541.77,3325.64
SBI,Gabriel Williams,XXXX4703,Car,275233.81,08-08-2024,High,,1,,30-08-2024,83006.49,5307.93
ICICI Bank,Kaitlyn Hughes,XXXX4667,House,163155.2,23-01-2024,Low,1,,,10-03-2024,255247.41,8429.92
HDFC Bank,Linda Douglas,XXXX1393,Car,321700.16,20-06-2024,Low,,1,,12-01-2024,,0
Axis Bank,Kevin Castro,XXXX1907,House,132217.87,03-12-2023,Low,1,,,18-01-2023,,0
Kotak Mahindra,Jessica Williams,XXXX4032,Car,134751.67,15-02-2025,High,1,,,23-08-2025,430702.1,29837.49
SBI,Helen Little,XXXX7517,Car,443067.8,07-03-2024,Medium,1,,,11-04-2024,,0
ICICI Bank,Molly Cooper,XXXX3766,House,377886.7,16-06-2024,Low,,1,,28-11-2024,,0
HDFC Bank,Colleen Matthews,XXXX3331,House,456395.72,21-09-2023,Medium,,1,,16-09-2023,,0
Kotak Mahindra,Jonathan English,XXXX1871,Car,406836.59,19-07-2025,High,1,,,05-08-2025,258446.79,24037.31
Kotak Mahindra,Jason Burgess,XXXX7304,Car,177758.11,25-05-2024,High,,1,,21-03-2024,355015.9,3080.11
ICICI Bank,Mary Simpson DDS,XXXX8656,House,419698.05,01-12-2024,Low,,1,,27-07-2024,,0
ICICI Bank,Dakota Leblanc,XXXX4471,House,299047.17,11-03-2024,Low,,1,,22-09-2024,,0
Axis Bank,Jesse Lewis,XXXX5246,House,442431.34,16-05-2025,Medium,,1,,17-07-2025,115316.87,9913.55
HDFC Bank,Mark Combs,XXXX3934,House,339079.41,16-07-2024,Low,1,,,03-07-2024,491349.63,6158.59
Axis Bank,Jonathan Flores,XXXX3088,Car,289262.49,11-12-2024,Low,,1,,20-05-2024,,0
ICICI Bank,Amber Anthony,XXXX4444,Car,408091.86,22-10-2024,Low,1,,,23-07-2024,83680.21,6033.22
SBI,Veronica Holmes,XXXX5072,Car,71670.28,25-05-2025,Medium,1,,,13-06-2025,168043.08,13403
SBI,Bethany Li,XXXX9766,Car,97872.4,23-08-2024,Medium,,1,,14-07-2024,113137.8,7077.52
Kotak Mahindra,Rachel Robbins,XXXX4250,Car,412380.92,16-01-2024,Low,1,,,23-06-2024,455910.76,20898.93
SBI,Sarah Banks,XXXX6042,Car,93911.01,23-02-2024,Medium,1,,,19-04-2024,476005.9,14415.33
Axis Bank,Mary Keller,XXXX2606,House,148767.22,01-11-2024,High,1,,,16-12-2024,,0
ICICI Bank,Joseph Fuentes,XXXX7688,Car,342967.69,25-12-2024,Low,1,,,14-08-2024,,0
ICICI Bank,Michael Douglas,XXXX1507,House,314414.23,01-11-2024,Medium,1,,,08-07-2024,,0
Kotak Mahindra,Keith Jackson,XXXX4852,House,339611.37,26-10-2023,High,,1,,10-03-2023,292101.64,1926.81
Axis Bank,Timothy Hall,XXXX5041,House,433205.02,03-09-2024,Medium,,1,,13-01-2024,,0
ICICI Bank,Michael Watson,XXXX7979,Car,349637.73,22-12-2024,High,,1,,23-06-2024,,0
SBI,Carmen Marks,XXXX4771,Car,232779.29,02-10-2023,High,1,,,03-05-2023,,0
Axis Bank,William Conway,XXXX6883,House,88825.85,02-12-2023,Low,1,,,04-06-2023,,0
HDFC Bank,Joshua Porter,XXXX2818,House,369734.08,12-10-2024,Medium,,1,,05-02-2024,423803.71,7093.26
ICICI Bank,Allison Cole,XXXX1837,House,288696.65,17-05-2024,Medium,1,,,27-04-2024,265818.23,3785.94
ICICI Bank,John Fisher,XXXX1394,House,129301.65,21-09-2024,High,,1,,29-05-2024,83023.52,6980.26
Axis Bank,Bobby Wong,XXXX2399,Car,76923.8,21-05-2024,High,1,,,04-06-2024,152556.44,4365.1
Axis Bank,Ashley Anthony,XXXX3520,Car,252112.76,07-04-2025,Medium,,1,,04-08-2025,213974.84,1938.6
ICICI Bank,Joshua Coleman,XXXX4220,Car,179697.22,09-03-2025,High,1,,,14-03-2025,213937.74,11315.26
Axis Bank,Becky Stewart,XXXX7507,Car,134253.76,20-10-2023,Medium,1,,,18-04-2023,,0
HDFC Bank,Ashley Dunn,XXXX8190,Car,345605.83,05-02-2024,Low,1,,,28-01-2024,,0
Kotak Mahindra,Lisa Garcia,XXXX7268,House,436513.79,14-11-2024,High,1,,,15-07-2024,471046.95,16099.53
SBI,Kaitlyn Escobar,XXXX5692,Car,98326.22,02-06-2025,Low,,1,,05-11-2025,398823.98,22517.33
Axis Bank,Christina Mccall,XXXX3581,Car,185341.66,06-01-2024,Medium,,,1,28-09-2024,389303.34,37875.94
Kotak Mahindra,Andrew Mccormick,XXXX2721,House,126443.06,07-09-2023,Low,,1,,02-09-2023,168456.85,16215.98
HDFC Bank,Christina Leon,XXXX7208,Car,379347.44,30-11-2023,Medium,,,1,02-05-2023,,0
Kotak Mahindra,Cody Thompson,XXXX5179,Car,53296.47,07-04-2025,Low,,1,,19-07-2025,320500.22,12542.06
SBI,Victoria Hughes,XXXX8852,House,441094.63,27-07-2024,Medium,1,,,09-04-2024,325822.16,8374.56
ICICI Bank,Samuel Clark,XXXX4522,Car,321554.18,12-03-2025,High,1,,,29-11-2025,395051.18,41422.36
SBI,Sue Robertson,XXXX6745,House,264954.9,03-06-2024,Medium,1,,,20-01-2024,,0
HDFC Bank,Todd Rogers,XXXX5941,House,453821.88,12-08-2024,Medium,,1,,05-08-2024,360007.04,19810.96
SBI,Jean Reyes,XXXX3622,Car,52674.31,26-01-2024,High,,1,,29-02-2024,102688.43,10569.17
Kotak Mahindra,Richard Walter,XXXX1234,House,356968.34,13-02-2025,Medium,,1,,01-02-2025,,0
ICICI Bank,Susan Erickson,XXXX6362,Car,204582.12,17-09-2024,Medium,1,,,06-06-2024,,0
Axis Bank,Brian Howell,XXXX9126,Car,466076.49,15-05-2024,High,1,,,31-01-2024,81943.9,2142.67
SBI,Robert Acevedo,XXXX5676,House,455358.62,30-09-2024,Medium,1,,,24-09-2024,,0
Axis Bank,Brendan Williams,XXXX1951,Car,269042.14,10-08-2024,Low,,1,,26-07-2024,,0
Kotak Mahindra,Kyle Evans,XXXX3300,Car,218293.92,21-07-2024,Low,1,,,16-05-2024,,0
HDFC Bank,Jake Walker,XXXX1765,House,488984.45,16-05-2024,Low,1,,,15-12-2024,436883.78,11452.43
Axis Bank,Cameron Martinez,XXXX3738,Car,372453.09,12-04-2024,High,,1,,21-11-2024,212581.76,10030.9
Axis Bank,Amber Jensen,XXXX3804,House,370614.25,12-11-2023,Low,1,,,29-12-2023,281885.63,27070.65
HDFC Bank,Elizabeth Mullen,XXXX2995,Car,329818.21,13-02-2025,High,,1,,23-03-2025,219568.06,22377.97
Axis Bank,Jenna Smith,XXXX8274,House,242713.23,06-04-2025,High,1,,,30-04-2025,278933.12,19474.42
SBI,Gwendolyn Oconnell,XXXX2837,House,400495.49,16-06-2024,High,1,,,20-01-2024,423612.14,1266.38
ICICI Bank,Sarah Garner,XXXX6783,Car,499959.68,12-08-2023,Low,,1,,02-01-2023,150259.77,3303.5
HDFC Bank,Laura Lee,XXXX3189,Car,252679.26,28-07-2025,High,,1,,09-12-2025,400528.27,37729.63
Axis Bank,Emily Johnson,XXXX7277,Car,261932.16,17-04-2024,Medium,,1,,14-03-2024,240223.2,14691.72
ICICI Bank,Devin Wright,XXXX1128,Car,400962.61,10-04-2025,Low,,,1,01-12-2025,78532.8,4221.42
Axis Bank,Jason Powell,XXXX9984,Car,281150.16,04-01-2024,High,,1,,13-08-2024,197562.03,2716.08
ICICI Bank,Connie Mcbride,XXXX5319,Car,225739.65,08-01-2025,High,,1,,15-03-2025,124391.86,11457.16
ICICI Bank,Daniel Henderson,XXXX5581,Car,392528.43,26-12-2024,High,1,,,04-11-2024,330436.9,23136.89
ICICI Bank,Aaron Lee,XXXX1994,Car,304505.03,03-04-2025,High,,1,,03-08-2025,427228.26,30367
Kotak Mahindra,Gregory Mcgee,XXXX2318,Car,125177.26,29-05-2024,High,,,1,28-01-2024,,0
Kotak Mahindra,Jeremy Hamilton,XXXX6155,House,486412.63,25-08-2024,High,,1,,01-07-2024,,0
SBI,Rhonda Hancock,XXXX8347,Car,335254.18,07-03-2025,Low,1,,,23-04-2025,273260.8,4161.6
Axis Bank,Kevin Tyler,XXXX8179,House,218188.03,21-04-2024,Medium,,1,,01-10-2024,203244.2,9151.97
ICICI Bank,Douglas Berg,XXXX9557,Car,486843.53,03-10-2023,High,,,1,10-08-2023,413458.67,19375.85
Axis Bank,William Bowman,XXXX6205,Car,424994.2,21-09-2023,Medium,1,,,29-01-2023,296956.41,4002.66
Axis Bank,Daniel Boone,XXXX8639,House,75879.45,20-11-2023,Low,,,1,22-08-2023,306286.91,32260.27
HDFC Bank,Eric Sparks,XXXX1844,Car,321312.48,31-01-2024,Low,,1,,03-02-2024,74789.75,6210.73
HDFC Bank,Mrs. Stacy Rhodes,XXXX1034,House,74201.49,13-03-2025,High,1,,,05-03-2025,64392.81,1956.01
SBI,Felicia Howard,XXXX3234,House,400450.53,16-02-2024,Low,,1,,07-07-2024,89815.33,9039.07
SBI,Breanna Ochoa,XXXX9177,House,198049.47,04-05-2024,Medium,,1,,12-07-2024,115624,7142.61
ICICI Bank,Ryan Davis,XXXX9304,Car,101716.86,27-03-2025,Low,1,,,03-11-2025,217888.71,23329.32
Axis Bank,Benjamin Kennedy,XXXX7434,Car,82521.22,18-01-2024,Low,1,,,06-07-2024,340226.87,7092.92
HDFC Bank,Krystal Castillo,XXXX1718,House,94645.71,05-09-2024,Low,,1,,04-07-2024,,0
HDFC Bank,Tammy Dalton,XXXX5283,House,487394.09,10-10-2023,Low,,1,,03-05-2023,132900.01,12048.14
Axis Bank,Alyssa Carr,XXXX8649,Car,491937.11,30-07-2024,High,,1,,15-02-2024,57941.02,4933.62
Kotak Mahindra,Brent Zimmerman,XXXX2249,House,320550.6,05-07-2025,High,1,,,03-04-2025,426938.44,26182.06
HDFC Bank,Jay Bowen,XXXX6932,Car,164726.55,09-11-2023,High,1,,,26-07-2023,273624.87,16752.82
HDFC Bank,Melissa Williamson,XXXX2606,Car,415588.99,23-10-2023,High,1,,,06-01-2023,,0
Axis Bank,Rebecca Schmidt,XXXX5548,Car,180461.65,28-09-2023,Low,1,,,08-04-2023,453495.76,15957.21
SBI,Heidi Peck,XXXX8840,House,141161.67,11-04-2025,High,,1,,16-06-2025,58164.49,1995.78
ICICI Bank,Eric Lowe,XXXX1382,House,89365.07,16-12-2024,High,1,,,04-01-2024,242651.2,25381.84
Kotak Mahindra,Grace Powers,XXXX3328,Car,193134.19,18-01-2024,High,1,,,15-09-2024,228258.49,1052.17
ICICI Bank,James Jones,XXXX9516,House,382737.1,01-01-2024,High,1,,,19-02-2024,352818.14,4255.08
Axis Bank,Steven Norris,XXXX3027,Car,201100.78,22-06-2025,Medium,,1,,07-08-2025,,0
ICICI Bank,Michele Johnson,XXXX2187,Car,322227.81,25-10-2023,High,1,,,10-10-2023,388046.62,17990.6
SBI,Karen Pacheco,XXXX8136,Car,164950.9,09-01-2025,High,1,,,10-08-2025,101245.93,918.82
SBI,Rachel Alvarez,XXXX8976,House,134855.16,30-05-2025,Low,1,,,23-01-2025,144492.82,1121.92
HDFC Bank,Bryan Smith,XXXX9090,House,155915.81,28-04-2025,High,1,,,25-10-2025,313666.83,5422.52
ICICI Bank,Carrie Cross,XXXX9613,House,72445.05,16-06-2024,High,1,,,15-07-2024,,0
SBI,Justin Gonzales,XXXX9225,Car,290015.65,19-04-2024,Low,1,,,10-01-2024,370474.39,6745.41
Kotak Mahindra,Emily Spears,XXXX2019,Car,99160.59,05-07-2025,Low,,1,,02-05-2025,,0
ICICI Bank,Jessica Walker,XXXX4639,House,265288.76,24-03-2024,Low,,,1,30-01-2024,,0
Axis Bank,Connor Jones,XXXX8791,Car,202655.79,18-11-2024,Medium,1,,,12-03-2024,83814.97,4971
ICICI Bank,Rebecca Mann,XXXX2679,Car,460716.88,27-01-2025,High,,1,,19-09-2025,154905.6,2832.59
HDFC Bank,Jeffrey Campbell Jr.,XXXX3619,Car,494038.52,06-06-2024,Low,1,,,09-06-2024,249977.04,1196.11
Kotak Mahindra,Olivia Johnson,XXXX1814,House,379163.03,16-09-2024,High,1,,,14-05-2024,374948.91,11995.39
Kotak Mahindra,John Johnson,XXXX6109,House,466041.35,14-08-2023,Low,1,,,12-07-2023,294128.32,27542.62
ICICI Bank,Connie Miller,XXXX4642,Car,117051.05,11-04-2024,Low,,1,,01-06-2024,251909.8,13313.22
HDFC Bank,Trevor Stout,XXXX3486,Car,439664.17,08-07-2025,High,1,,,22-07-2025,47410.49,4558.98
HDFC Bank,Jennifer Douglas,XXXX7203,House,123089.27,22-04-2024,Low,1,,,07-01-2024,297893.77,24135.51
ICICI Bank,Jenny Campos,XXXX5232,Car,344714.37,21-07-2025,Medium,1,,,11-02-2025,363297.25,18003.82
Axis Bank,Jesse Foster,XXXX5723,Car,428855.56,11-10-2023,Low,1,,,27-01-2023,143635.82,13984.86
SBI,Christopher Smith,XXXX5495,Car,232864.44,28-10-2024,Medium,1,,,10-05-2024,158196.01,7977.22
Kotak Mahindra,Travis Alvarez,XXXX8609,Car,133704.1,03-04-2024,High,,1,,02-05-2024,,0
Kotak Mahindra,Kimberly Suarez,XXXX2903,Car,144328.46,13-12-2023,High,,1,,02-06-2023,,0
SBI,Lori Bailey,XXXX3277,House,427613.31,31-12-2024,High,,1,,24-12-2024,339753.35,21382.84
SBI,Carol Gutierrez,XXXX7710,Car,436967.3,22-07-2024,Medium,1,,,20-03-2024,,0
Axis Bank,Hunter Jackson,XXXX1783,House,135428.18,22-09-2023,Low,,,1,13-02-2023,353057.68,2031.44
ICICI Bank,Ariana Taylor,XXXX5018,Car,242419.53,25-07-2025,Low,,1,,30-01-2025,108672.16,8964.52
ICICI Bank,Lisa Smith,XXXX2620,House,191972.3,09-05-2024,Low,1,,,01-03-2024,,0
ICICI Bank,Frances Boyd,XXXX5762,House,216004.95,13-06-2025,Low,1,,,27-04-2025,380515.02,28385.08
Axis Bank,Melissa Baldwin,XXXX4660,Car,178295.1,20-10-2023,High,,1,,13-07-2023,50981.2,4529.28
Kotak Mahindra,Brian Moore,XXXX8988,House,102354.11,29-03-2024,Low,1,,,02-01-2024,103880.24,7115.5
Axis Bank,Andrew Ponce,XXXX6636,Car,365462.04,01-11-2024,Medium,1,,,15-10-2024,422509.1,21855.36
SBI,Anne Wheeler,XXXX9774,Car,140222.76,30-06-2024,Low,1,,,28-06-2024,,0
HDFC Bank,Carolyn Stewart,XXXX9883,House,121963.32,25-09-2024,Low,,1,,10-03-2024,426811.01,37764.86
Axis Bank,Susan Rodriguez,XXXX1436,Car,55959.27,17-05-2025,High,,1,,08-03-2025,387232.05,7400.3
SBI,Bianca Shelton,XXXX6418,Car,63031.09,02-09-2024,High,,1,,20-06-2024,325001.39,10092.9
ICICI Bank,Debra James,XXXX8587,House,435069.15,19-07-2025,Low,1,,,14-09-2025,388475.26,11498.78
Kotak Mahindra,Nicholas Simmons,XXXX7086,Car,179692.48,23-08-2024,High,,,1,04-06-2024,198692.22,937.11
ICICI Bank,Lee Marshall,XXXX2208,House,113942.76,04-12-2024,High,1,,,03-05-2024,381552.59,25274.13
SBI,Jonathan Craig,XXXX5108,Car,184056.24,28-02-2024,Low,1,,,26-08-2024,432937.41,27237.33
ICICI Bank,Rodney Alvarado,XXXX9370,House,388619.85,08-11-2023,Low,,1,,10-09-2023,,0
ICICI Bank,Brian Hess,XXXX4610,Car,413722.39,02-10-2024,Low,,1,,15-04-2024,,0
Axis Bank,Jacqueline Marquez,XXXX3112,House,376185.19,24-03-2024,Low,1,,,17-12-2024,248437.2,8009.96
ICICI Bank,Alyssa Richardson,XXXX3325,Car,320672,07-01-2024,High,,1,,08-01-2024,,0
ICICI Bank,Richard Manning,XXXX4852,Car,110913.45,06-10-2023,High,,1,,17-09-2023,249337.37,7437.85
SBI,Joseph Deleon,XXXX4513,House,417369.33,17-11-2024,High,1,,,05-08-2024,166512.98,6536.51
HDFC Bank,Michael Hunt,XXXX9328,House,366715.41,08-09-2024,Low,1,,,25-05-2024,52205.71,1691.9
ICICI Bank,Rickey Morrison,XXXX8759,Car,67901.18,02-11-2024,Low,1,,,19-06-2024,128628.7,7107.85
SBI,Richard Stanley,XXXX6166,House,487379.63,25-01-2025,Medium,,1,,05-03-2025,,0
ICICI Bank,Christopher Velasquez,XXXX2964,House,140337.53,28-12-2024,Low,1,,,24-05-2024,61219.4,2892.86
Axis Bank,Tracey Mccall,XXXX4817,Car,463160.17,10-12-2023,Low,1,,,16-08-2023,,0
SBI,Elizabeth Jones,XXXX1642,House,115340.26,14-03-2025,Medium,,1,,24-10-2025,324646.58,22087.62
ICICI Bank,Michael Martinez,XXXX1029,House,484633.32,09-07-2024,Low,1,,,20-05-2024,299541.01,9532.74
SBI,Kyle Singh,XXXX2693,Car,165669.09,12-12-2024,Medium,1,,,03-11-2024,,0
Axis Bank,Steven Alvarado,XXXX5526,Car,65439.35,17-08-2023,Medium,1,,,09-03-2023,462256.86,18165.12
HDFC Bank,Bobby Abbott,XXXX2335,House,436336.01,21-03-2025,High,,1,,01-06-2025,333649.51,4900.73
SBI,Gregory Gould,XXXX3471,House,139409.16,02-11-2023,High,1,,,09-11-2023,186123.11,13728
ICICI Bank,Sarah Davis,XXXX1423,Car,139086.61,24-05-2024,High,,1,,08-12-2024,,0
Kotak Mahindra,Jason Woods,XXXX9312,House,321934.29,09-07-2024,High,,,1,26-06-2024,,0
Axis Bank,Jerry Silva,XXXX9414,House,402192.91,01-10-2023,Medium,,1,,21-07-2023,,0
SBI,Joel Cherry,XXXX5849,House,211689.64,26-11-2023,High,1,,,24-04-2023,483290.01,16584.05
ICICI Bank,Karen Fitzgerald,XXXX2802,Car,223622.21,03-11-2024,High,,1,,10-08-2024,,0
ICICI Bank,Debra Moyer,XXXX5087,Car,188651.79,16-12-2024,Medium,1,,,14-11-2024,387927.4,860.67
SBI,Ian Miller,XXXX7830,Car,64300.13,07-02-2025,Low,,,1,16-01-2025,359567.04,7750.7
ICICI Bank,Jason Colon,XXXX3713,House,162888.46,25-12-2023,High,,1,,22-07-2023,275012.01,18727.5
ICICI Bank,David Parks,XXXX6303,House,138231.97,26-03-2024,High,,,1,06-10-2024,188347.37,13919.89
Kotak Mahindra,Philip Burton,XXXX7726,House,311796.85,22-08-2023,Medium,,,1,20-08-2023,,0
Axis Bank,Cynthia Henderson,XXXX4915,Car,164639.61,06-05-2025,Medium,1,,,11-02-2025,264690.38,28428.16
ICICI Bank,Anna Whitaker,XXXX7858,Car,193875.12,02-01-2025,Medium,1,,,05-02-2025,,0
SBI,Amy Figueroa,XXXX1016,House,175867.44,30-04-2024,High,1,,,09-12-2024,193598.85,12669.58
Kotak Mahindra,Patrick Hanson,XXXX4644,House,190936.1,27-04-2024,Low,1,,,08-03-2024,349082.61,26953.17
Axis Bank,Catherine Newton,XXXX7812,Car,79398.35,06-05-2025,Low,,1,,05-11-2025,292566.3,26621.62
SBI,Jackie Ruiz,XXXX9662,House,266583.96,10-05-2024,Low,1,,,29-01-2024,131710.81,9585.7
Axis Bank,Julie Gould,XXXX8585,House,145620.67,05-05-2024,Low,1,,,06-12-2024,258922.51,1235.03
HDFC Bank,Kenneth Clark,XXXX1656,Car,325326.81,01-03-2025,High,,1,,07-01-2025,374513.67,12722.55
Axis Bank,Cody Blevins,XXXX3160,House,352518.83,31-07-2024,Low,,1,,29-03-2024,,0
Axis Bank,John Jones,XXXX3475,House,493336.29,15-12-2024,High,,1,,03-05-2024,174288.57,2487.96
ICICI Bank,James Rose,XXXX4480,House,154459.67,20-01-2025,Medium,,1,,15-02-2025,370123.36,32321.93
HDFC Bank,Cynthia Williams,XXXX3813,Car,117471.47,25-06-2025,Low,,1,,01-11-2025,433436.33,30908.06
SBI,Thomas Sharp,XXXX3430,House,441046.22,27-06-2024,Medium,1,,,18-02-2024,425549.03,4874.41
Axis Bank,Samuel Crawford,XXXX6711,House,96688.8,15-12-2024,Medium,1,,,07-02-2024,,0
Axis Bank,Sharon Johnson,XXXX9334,House,343022.32,15-01-2024,High,,,1,22-07-2024,,0
Axis Bank,Erika Baker,XXXX3075,House,397674.75,22-12-2024,Medium,1,,,21-10-2024,170870.79,11189.8
SBI,Carla Morgan,XXXX8628,Car,333271.48,07-04-2025,High,,,1,01-08-2025,221713.93,19339.19
ICICI Bank,Olivia Mccoy,XXXX7925,Car,455733.32,14-06-2025,Low,,1,,08-01-2025,,0
HDFC Bank,Melissa Baldwin,XXXX2768,House,94517.34,25-06-2024,High,1,,,09-01-2024,356166.94,2981.09
HDFC Bank,Terri Burns,XXXX7136,House,94358.57,01-12-2023,Low,,1,,21-03-2023,236806.55,5389.51
HDFC Bank,Daniel Wright,XXXX1374,Car,412955.11,13-10-2023,Medium,,1,,21-06-2023,378122.89,20700.8
SBI,Edward Cook,XXXX9973,Car,73863.37,14-07-2024,Medium,,1,,08-10-2024,,0
Kotak Mahindra,Tiffany Thomas,XXXX4621,Car,380862.74,23-12-2023,High,,1,,01-11-2023,,0
HDFC Bank,Louis Hall,XXXX4205,House,239276.03,23-10-2024,Medium,1,,,29-01-2024,241997.28,23247.21
HDFC Bank,Christina Scott,XXXX4784,House,116905.41,01-10-2024,Medium,1,,,20-02-2024,429900.44,1588.59
SBI,Melissa Morales,XXXX5355,Car,355515.41,06-08-2025,High,1,,,03-01-2025,,0
Kotak Mahindra,Dawn Phillips,XXXX8522,Car,240563.94,28-06-2025,Low,,,1,14-11-2025,105740.48,10005.79
SBI,Paul Johnson,XXXX9240,House,145867.71,08-07-2024,Medium,1,,,07-01-2024,,0
SBI,Austin Jenkins,XXXX2533,Car,200904.28,27-01-2025,High,,1,,19-08-2025,174400.31,7425.46
HDFC Bank,Patricia Ruiz,XXXX9979,Car,162716.3,28-12-2023,High,1,,,08-11-2023,69644.5,3167.85
HDFC Bank,David Ayala,XXXX4104,Car,324351.72,23-06-2024,Medium,,1,,11-01-2024,143488.48,49.91
HDFC Bank,David Lane,XXXX3092,Car,484818.51,16-12-2024,High,1,,,04-11-2024,269742.46,6153.17
HDFC Bank,Kurt Parker,XXXX7973,House,465193.98,03-09-2024,Low,1,,,13-08-2024,175307.61,15033.45
SBI,Chad Edwards,XXXX2098,Car,80264.7,13-08-2023,Medium,,1,,05-06-2023,,0
Kotak Mahindra,James Boyle,XXXX9017,House,410663.13,13-07-2025,High,1,,,30-08-2025,287340.06,29387.76
Kotak Mahindra,Michelle Buckley,XXXX6529,House,356904.4,13-07-2024,Low,1,,,26-04-2024,299846,29534.73
Axis Bank,William Lewis,XXXX5377,House,227621.58,31-08-2024,Low,1,,,09-05-2024,306075.3,4218.44
Kotak Mahindra,Lawrence Kim,XXXX9364,Car,480802.77,08-07-2025,Medium,,1,,14-02-2025,,0
HDFC Bank,Samuel Reese,XXXX6142,House,341769.77,09-04-2025,Medium,1,,,04-05-2025,282132.02,31152.35
SBI,Meagan Vargas,XXXX1654,Car,483016.98,20-02-2024,Low,1,,,05-10-2024,201337.54,13106.68
Axis Bank,Samantha Reyes,XXXX4904,Car,230828.74,24-04-2025,High,,1,,22-04-2025,355609.19,11007.74
SBI,David Banks,XXXX4900,Car,128248.78,16-03-2024,Low,,1,,09-10-2024,120221.53,4819.89
HDFC Bank,Mike Williams,XXXX1063,House,294088.96,27-06-2025,Medium,1,,,22-08-2025,135102.9,10813.55
SBI,Daisy Mathis,XXXX7009,Car,246130.22,21-02-2025,Medium,1,,,03-03-2025,203018.95,806.75
HDFC Bank,Robert Smith,XXXX5996,House,499025.37,14-09-2023,Medium,,1,,21-02-2023,173690.82,15760.63
HDFC Bank,Timothy Vaughn,XXXX5832,Car,489528.43,28-05-2025,High,,1,,23-01-2025,197846.07,18396.24
Kotak Mahindra,Danielle Watson,XXXX7038,Car,252144.58,04-02-2024,Medium,,1,,06-01-2024,306637.09,19520.02
Kotak Mahindra,Michelle Ayala,XXXX7046,Car,436825.17,19-02-2024,Low,1,,,08-07-2024,267294.02,16589.1
HDFC Bank,Jonathan Thomas,XXXX9544,Car,81736.12,07-05-2025,Low,,1,,22-07-2025,236253.36,5329.82
Kotak Mahindra,Laurie Cantrell,XXXX6814,Car,375869.81,05-05-2024,High,,1,,24-12-2024,307938.03,570.36
HDFC Bank,Dakota Jones,XXXX3972,House,131332.54,16-10-2023,High,,,1,21-10-2023,297300.98,7677.26
HDFC Bank,April Robertson,XXXX2169,House,193707.16,09-12-2023,Medium,,1,,10-10-2023,261594.65,10559.6
Axis Bank,Terrance Ward,XXXX8664,House,466322.72,24-02-2024,High,,1,,18-07-2024,434769.4,32948.59
Axis Bank,Justin Martinez,XXXX6302,Car,243663.56,15-10-2024,Low,,1,,15-02-2024,,0
Axis Bank,Nathan Gallagher,XXXX7201,House,482208.34,11-11-2023,Medium,1,,,12-10-2023,434306.96,15338.17
SBI,John Logan,XXXX1325,Car,69355.84,05-12-2023,Low,1,,,14-10-2023,365313.76,38481.41
Kotak Mahindra,Kelly Wallace,XXXX9892,House,73885.24,24-12-2024,High,,1,,27-10-2024,460453.42,9524.53
HDFC Bank,Christopher Smith,XXXX3952,Car,224436.06,08-02-2024,High,,1,,09-03-2024,236098.92,12994.69
ICICI Bank,Anthony Townsend,XXXX8811,House,90955.59,14-08-2024,Medium,,1,,11-04-2024,261237.55,19808.9
Axis Bank,Adam Thomas,XXXX9756,Car,229301.07,04-05-2024,High,,1,,09-01-2024,,0
SBI,Hannah Hernandez,XXXX8261,Car,384392.72,22-02-2025,Medium,,1,,20-08-2025,171794.86,12204.26
HDFC Bank,Christopher English,XXXX5157,House,168919.16,16-03-2024,Medium,1,,,08-08-2024,214299.29,1263.25
SBI,Mr. Mark Romero,XXXX6028,Car,234565.65,31-01-2025,Low,1,,,24-10-2025,112699.93,11926.86
Axis Bank,Jason Peters,XXXX6762,Car,446124.43,16-10-2024,Low,1,,,22-03-2024,173342.08,11069.07
ICICI Bank,Nicole Malone,XXXX8246,House,227903.5,17-06-2025,Low,1,,,02-08-2025,,0
SBI,Alexandra Ward,XXXX8135,House,218425.26,16-03-2024,Low,1,,,17-11-2024,388534.11,13617.08
SBI,Cynthia Hamilton,XXXX9876,Car,399784.77,12-03-2024,High,,1,,31-05-2024,168912.35,8633.68
Kotak Mahindra,Denise David,XXXX7698,Car,348734.77,20-09-2024,High,,1,,21-06-2024,239513.6,16731.64
Axis Bank,Edward Brown,XXXX5276,House,175937.68,14-05-2025,Medium,,,1,30-04-2025,297577.11,26180.91
Axis Bank,Luis Brown,XXXX8225,Car,230314.55,31-07-2024,Medium,,1,,16-05-2024,444308.9,24080.36
HDFC Bank,Nicholas Floyd,XXXX1489,Car,304567.02,19-08-2023,High,,,1,17-12-2023,113743.77,8296.43
HDFC Bank,Kristin Howard,XXXX6944,Car,188246.19,24-02-2024,Medium,1,,,31-08-2024,119892.45,7225.45
Kotak Mahindra,Emma Ruiz,XXXX9722,House,198849.32,09-09-2024,Medium,1,,,08-05-2024,287075.24,6783.71
HDFC Bank,Scott Mcknight PhD,XXXX4481,House,136608.65,13-09-2024,Low,,1,,28-04-2024,,0
HDFC Bank,Richard Hahn,XXXX1747,Car,117108.68,12-02-2025,Medium,,1,,06-03-2025,293556.05,14236.36
ICICI Bank,Sylvia Brown,XXXX7673,House,428733.24,19-02-2024,Low,1,,,04-10-2024,94974.61,328.04
ICICI Bank,Lori Valdez,XXXX1257,Car,90505.16,11-11-2023,Low,1,,,10-05-2023,,0
Axis Bank,James Austin,XXXX3164,Car,139633.81,20-09-2024,Low,,,1,31-07-2024,216364.13,1576.29
ICICI Bank,Donald Gomez,XXXX1810,House,445467.19,09-11-2024,Medium,1,,,27-08-2024,170446.78,10075.56
ICICI Bank,Michael Hayes,XXXX5881,Car,376804.14,01-03-2025,High,1,,,17-09-2025,198206.56,8135.81
Axis Bank,Mark Lucas,XXXX8356,Car,372128.4,06-02-2025,Medium,1,,,04-10-2025,257360.51,3794.48
ICICI Bank,John Price,XXXX9568,Car,102038.63,27-06-2025,Medium,1,,,22-04-2025,184685.17,14802.9
Axis Bank,Catherine Mendoza,XXXX2692,Car,322815.31,31-03-2024,Low,,1,,08-02-2024,55017.9,4914.04
Axis Bank,Stephanie Mason,XXXX8691,House,103854.46,07-06-2024,Low,1,,,28-04-2024,68388.39,1475.75
Kotak Mahindra,Timothy Morgan MD,XXXX8865,Car,274786.48,12-10-2023,Low,1,,,06-01-2023,,0
ICICI Bank,Jerry Hampton,XXXX8723,House,322540.79,06-11-2024,Medium,1,,,02-07-2024,,0
Kotak Mahindra,Steven Barrera,XXXX1960,Car,248189.53,16-09-2023,Medium,1,,,28-12-2023,220906.3,11385.43
ICICI Bank,Ashley Gaines,XXXX5496,Car,213318.02,01-08-2024,High,1,,,02-03-2024,205663.44,8051.48
Axis Bank,Shelby Wagner,XXXX8761,Car,431864.96,09-05-2024,Medium,,1,,16-04-2024,274783.59,5982.25
SBI,Brian Montoya,XXXX1364,House,233429.63,16-06-2025,High,1,,,24-04-2025,211203.13,12946.28
ICICI Bank,Chelsea Davis,XXXX7617,Car,338793.94,14-09-2024,Low,1,,,03-01-2024,,0
Axis Bank,Angela Delgado,XXXX2503,House,298828.45,30-03-2025,Low,1,,,14-11-2025,104382.8,4696.02
Axis Bank,Roy Miller,XXXX6870,House,423388.86,11-07-2024,Medium,,1,,13-12-2024,345794.02,14363.81
HDFC Bank,Jennifer Davis,XXXX7476,House,167302.82,01-01-2024,High,,1,,26-06-2024,71502.08,1281.87
ICICI Bank,Anthony Williams,XXXX5729,House,278335.86,12-08-2023,Low,1,,,12-12-2023,328494.22,15719.87
SBI,Justin Hughes,XXXX1421,House,319061.57,16-07-2024,Low,1,,,20-07-2024,,0
HDFC Bank,Abigail Bernard,XXXX5821,Car,249868.63,05-08-2024,Medium,,1,,02-03-2024,,0
Axis Bank,Nicholas Gonzalez,XXXX4332,Car,74165.1,01-12-2023,Low,1,,,06-03-2023,,0
SBI,Stephen Miller,XXXX3261,Car,492388.72,01-03-2025,High,1,,,29-06-2025,442015.77,6051.85
ICICI Bank,Jesse Duke,XXXX5257,Car,82709.08,12-05-2024,Medium,1,,,02-11-2024,185197.25,1597.75
ICICI Bank,Kendra Jennings,XXXX6647,House,172398.9,15-10-2023,Medium,,1,,26-05-2023,306540.01,27933.62
HDFC Bank,John Douglas,XXXX3544,Car,457955.23,28-12-2024,Low,,1,,30-09-2024,225311.48,5508.23
Kotak Mahindra,Eric Howard,XXXX5890,House,463661.49,31-12-2023,Low,1,,,31-03-2023,223405.31,9570.36
Kotak Mahindra,Brian Campbell,XXXX9354,House,494786.1,12-01-2024,Low,,1,,19-09-2024,,0
SBI,Sherry Rogers,XXXX4735,House,313125.44,24-03-2024,Medium,,1,,26-11-2024,232224.55,12350.54
SBI,Emily Baker,XXXX2232,House,99236.92,07-02-2024,High,,1,,12-02-2024,227100.09,5644.45
Axis Bank,Jenna Osborne,XXXX4888,House,98766.07,10-02-2024,High,1,,,26-04-2024,,0
Axis Bank,Jonathan Reyes,XXXX9870,Car,211294.08,26-03-2025,Medium,1,,,07-01-2025,,0
Axis Bank,Ann Harris,XXXX2599,Car,137242.56,10-09-2023,Low,,1,,02-10-2023,,0
HDFC Bank,Maurice Serrano,XXXX2565,House,94112.31,08-12-2023,Medium,1,,,21-07-2023,,0
ICICI Bank,Amber Allen,XXXX3302,House,137865.81,18-07-2024,Low,1,,,20-12-2024,209998.63,8130.84
ICICI Bank,Karen Ramirez,XXXX5623,Car,283255.93,24-08-2023,Medium,1,,,26-11-2023,295168.47,32491.87
HDFC Bank,Chris Gray,XXXX7515,House,238402.96,18-03-2025,Medium,,,1,23-10-2025,476384.2,5814.01
Kotak Mahindra,Bryan Williams,XXXX7040,Car,200137.41,24-03-2024,Low,1,,,14-06-2024,131646.46,3376.86
Kotak Mahindra,Daniel Patel,XXXX4870,House,410796.08,20-04-2025,Medium,1,,,25-12-2025,75193.46,3980.95
SBI,Marissa Brown,XXXX6069,Car,277438.68,10-07-2024,High,1,,,10-12-2024,,0
SBI,Brian Fernandez,XXXX3728,Car,261025.55,22-01-2024,Low,1,,,06-01-2024,,0
Axis Bank,Nathaniel Bridges,XXXX6391,House,98482.52,16-02-2024,High,,1,,06-10-2024,107973.07,1188.68
HDFC Bank,Erin Griffin,XXXX1131,House,248954.6,28-04-2025,High,1,,,18-04-2025,317249.91,11027.8
SBI,Dennis Brown MD,XXXX4078,House,119447.49,10-05-2025,High,,,1,10-05-2025,470755.28,27001.42
ICICI Bank,Alexandra Sherman,XXXX1468,Car,474705,23-01-2024,Medium,1,,,29-03-2024,171705.53,8662.98
Kotak Mahindra,Kenneth Reyes,XXXX3578,Car,422319.39,05-10-2024,Medium,,1,,12-05-2024,,0
Kotak Mahindra,Tiffany Garcia,XXXX5149,House,86624.83,19-12-2023,Low,1,,,02-05-2023,,0
SBI,Shari Reyes,XXXX9252,Car,79162.59,23-08-2024,Low,1,,,29-06-2024,174080.32,16456.93
HDFC Bank,Kayla Nunez,XXXX1907,Car,185979.11,22-12-2023,High,,1,,28-07-2023,95627.74,10156.54
Kotak Mahindra,Michael Jensen,XXXX9900,House,279517.79,21-03-2024,Low,1,,,14-11-2024,46929.14,5007.87
Axis Bank,Martin Hudson,XXXX9190,Car,209924.04,22-12-2023,Low,,1,,04-06-2023,272749.58,16044.74
SBI,Sheila Burke,XXXX1622,Car,131644.29,15-06-2024,Low,,1,,26-05-2024,403638.05,44077.44
SBI,Trevor Smith,XXXX5096,House,77162.22,05-10-2024,High,1,,,20-07-2024,458308.52,23618.19
HDFC Bank,Cody Haley,XXXX2039,House,491582.14,06-09-2023,Low,1,,,02-06-2023,348918.14,24790.92
Axis Bank,Veronica Arias,XXXX5630,Car,406782.6,05-07-2025,Medium,,,1,02-01-2025,,0
ICICI Bank,Brianna Mendoza,XXXX1899,Car,85781.07,11-02-2025,High,1,,,15-09-2025,168704.34,648.15
SBI,Richard Mckenzie,XXXX1944,House,494115.83,15-05-2025,High,1,,,05-10-2025,383409.37,18883.72
Kotak Mahindra,Richard Patrick,XXXX9180,Car,161642.08,27-11-2024,Medium,1,,,04-03-2024,,0
Axis Bank,Nicole Erickson,XXXX5098,Car,224691.68,11-12-2023,Low,,1,,26-04-2023,421794.12,44812.82
Kotak Mahindra,Linda Boyd,XXXX1516,House,496421.61,02-08-2025,Medium,1,,,02-11-2025,152763.89,11671.79
ICICI Bank,Miss Jordan Perez MD,XXXX8218,House,391193.07,23-05-2025,Medium,1,,,02-12-2025,121091.35,1345.2
Kotak Mahindra,Lori Gould,XXXX9914,House,458740.83,11-06-2024,Medium,,1,,08-08-2024,360572.12,20208.23
Axis Bank,Stephanie Chase,XXXX6746,Car,303431.87,27-05-2025,Low,1,,,27-02-2025,467454.98,24505.1
ICICI Bank,Anna Palmer,XXXX6746,House,187882.13,14-08-2023,Medium,1,,,23-02-2023,150132.58,6312.3
SBI,Kevin Dunn,XXXX2769,Car,171156.35,19-05-2024,Medium,1,,,27-02-2024,,0
SBI,Lisa Lewis,XXXX9265,Car,227550.25,25-08-2023,Medium,,1,,02-12-2023,199129.74,5670.54
ICICI Bank,Carla Hawkins,XXXX8122,Car,239857.47,01-12-2023,Low,,1,,08-03-2023,320220.52,5267.9
HDFC Bank,Olivia Moore,XXXX8213,House,66440.76,28-11-2023,Medium,,1,,14-08-2023,281292.91,17468.08
Axis Bank,Debra Williams,XXXX6902,House,337822.91,29-01-2024,High,1,,,07-02-2024,325397.31,19294.92
HDFC Bank,Fred Richardson,XXXX8537,Car,122875.63,29-08-2023,High,1,,,06-07-2023,408021.24,39716.34
HDFC Bank,Garrett Hood,XXXX8915,Car,101926.24,11-01-2025,High,1,,,10-06-2025,,0
Kotak Mahindra,Alan Sawyer,XXXX1702,House,487655.13,16-09-2023,Low,,1,,17-08-2023,229498.79,20828.57
SBI,John Jones,XXXX2740,House,290315.55,18-11-2024,Low,1,,,15-04-2024,379284.93,2204.97
ICICI Bank,Whitney Hardy,XXXX9374,House,176146.36,02-06-2025,Low,1,,,25-09-2025,61176.13,4427.33
SBI,Jason Glenn,XXXX8273,House,361207.08,25-04-2025,Medium,,,1,24-10-2025,,0
SBI,Christine Burke,XXXX3403,Car,164416.84,28-07-2025,Medium,,1,,22-12-2025,245530.7,16048.05
Axis Bank,Brendan Villegas,XXXX4716,House,188713.75,16-02-2024,Low,1,,,04-04-2024,359459.42,1503.5
ICICI Bank,Tracy Wilkerson,XXXX2199,House,408559.28,16-05-2025,High,,1,,24-02-2025,358387.37,6600.11
ICICI Bank,Carlos Henderson,XXXX8419,Car,226186.66,03-01-2025,Low,,1,,04-02-2025,187203.22,8305.4
ICICI Bank,Michael Oneill,XXXX3157,House,79783.69,29-08-2024,Medium,,1,,23-11-2024,,0
Axis Bank,Nicholas Marshall,XXXX5874,House,482639.14,25-04-2025,Low,,1,,07-03-2025,,0
SBI,Daniel Price DDS,XXXX4608,Car,495413.76,10-06-2024,Low,,1,,03-05-2024,,0
HDFC Bank,Connie Black,XXXX9690,Car,406948.31,22-12-2024,High,1,,,04-11-2024,361871.02,27271.68
SBI,Joe Bruce,XXXX6796,Car,94926.18,27-06-2025,Low,,1,,16-01-2025,207387.61,18779.87
HDFC Bank,Chelsea Guzman,XXXX6958,House,172512.66,16-05-2025,Medium,1,,,24-03-2025,,0
Axis Bank,Paul Campbell,XXXX5638,Car,346898.7,05-11-2024,Medium,1,,,24-12-2024,419541.09,27491.47
HDFC Bank,Debbie Bennett,XXXX1381,Car,346252.37,28-09-2023,Low,1,,,06-01-2023,295962.04,2179.96
HDFC Bank,Matthew Spencer Jr.,XXXX9046,Car,340452.5,18-12-2023,Medium,,1,,28-12-2023,,0
Kotak Mahindra,Morgan Manning,XXXX1757,Car,80361.16,12-09-2024,Low,,1,,08-04-2024,,0
HDFC Bank,Bryan Pearson,XXXX1794,Car,417941.19,20-04-2025,Medium,1,,,26-05-2025,299792.69,22909.7
SBI,Luis Perez,XXXX4575,House,379633.67,11-12-2024,High,,1,,23-07-2024,,0
SBI,Jennifer Garcia,XXXX7477,House,107497.84,20-05-2024,Low,1,,,20-10-2024,299035.95,20864.88
SBI,Nicholas Velazquez,XXXX7786,Car,311574.41,26-03-2024,High,1,,,12-03-2024,462110.07,33142.42
Kotak Mahindra,Becky Moore,XXXX6778,Car,303458.13,27-05-2025,High,1,,,12-07-2025,134530.07,10378.2
Kotak Mahindra,Kristin Griffith,XXXX6659,House,392083.2,26-08-2024,Low,,1,,08-03-2024,104819.87,10797.73
Axis Bank,Mary Irwin,XXXX8667,House,246159.47,12-09-2023,Medium,,1,,28-02-2023,377750.33,20222.3
ICICI Bank,Nathaniel Rios,XXXX3640,House,173618.66,31-01-2024,Low,,1,,16-06-2024,,0
ICICI Bank,David Jackson,XXXX5896,House,403043.6,10-04-2025,Low,1,,,19-12-2025,414796.51,7620.23
HDFC Bank,Adam Randall,XXXX9684,Car,382338.51,21-02-2024,Medium,1,,,02-08-2024,104510.07,10216.52
ICICI Bank,Tracy Pearson,XXXX9179,House,474234.72,30-01-2025,Medium,,1,,28-06-2025,383289.87,3485.8
HDFC Bank,Ian Clark,XXXX4764,House,286170.9,14-08-2024,Low,1,,,15-09-2024,64566.58,3905.25
Kotak Mahindra,Ryan Barker,XXXX3316,Car,481207.21,01-11-2023,High,1,,,11-05-2023,381174.99,40529.58
SBI,Jose Christensen,XXXX6176,Car,127927.39,16-11-2023,High,,1,,08-02-2023,435875.08,23302.1
Kotak Mahindra,Michael Flores,XXXX2712,Car,337784.92,07-08-2024,Low,,1,,07-01-2024,,0
Kotak Mahindra,Eric Miller,XXXX6710,House,289497.22,29-04-2024,Medium,1,,,29-07-2024,,0
ICICI Bank,Alexis Smith,XXXX3272,House,315859.64,03-10-2024,High,1,,,29-07-2024,,0
ICICI Bank,Ashley Steele,XXXX6786,Car,421222.65,01-04-2024,Low,1,,,23-01-2024,145289.02,1321.04
SBI,Terry Ortiz,XXXX9889,Car,333924.67,13-01-2024,Low,1,,,28-06-2024,144298.66,6479.86
Axis Bank,Holly Stewart,XXXX9571,Car,473279.32,15-03-2025,Medium,1,,,21-06-2025,,0
ICICI Bank,Cameron Perez,XXXX3911,Car,281221.4,07-06-2025,Low,1,,,13-09-2025,414005.57,17896.71
SBI,Sarah Anderson,XXXX4610,House,80628.3,05-03-2025,Low,1,,,05-08-2025,142041.31,8424.93
HDFC Bank,Carl Patrick MD,XXXX8102,House,404827.71,29-12-2024,High,1,,,24-09-2024,190212.2,14725.75
HDFC Bank,Sonia Jenkins,XXXX1270,House,55808.64,12-11-2024,Low,1,,,21-10-2024,,0
HDFC Bank,Dawn Colon,XXXX9289,Car,343158.19,19-02-2024,Medium,1,,,01-09-2024,443513.9,23474.03
Kotak Mahindra,Louis Henry,XXXX1409,Car,376804.36,27-09-2024,High,,1,,19-11-2024,,0
Axis Bank,Patrick Scott,XXXX4881,House,94876.87,10-10-2024,Low,1,,,21-03-2024,,0
Kotak Mahindra,Kimberly Arroyo,XXXX2431,Car,306657.21,10-11-2023,Medium,,1,,16-07-2023,,0
SBI,Dominique Hill,XXXX5467,Car,232391.69,16-02-2025,High,1,,,29-09-2025,134062,12267.55
Axis Bank,Gary Adkins,XXXX8607,Car,402691.69,11-01-2025,Medium,,1,,28-11-2025,362765.9,15354
Kotak Mahindra,Allison Austin,XXXX2912,House,393226.41,21-04-2024,Low,,,1,01-02-2024,,0
HDFC Bank,Christian Harrison,XXXX6740,Car,151010.82,31-01-2025,Low,,1,,24-03-2025,,0
Kotak Mahindra,Alan Miller,XXXX7083,House,219765.27,06-09-2023,Medium,,1,,19-03-2023,132315.73,3288.31
HDFC Bank,Andrea Ball,XXXX5890,Car,264981.58,08-03-2024,High,1,,,12-03-2024,81548.42,2455.84
SBI,Scott Gonzalez,XXXX6686,House,363369.37,18-10-2023,Medium,1,,,19-01-2023,380285.02,11345.53
HDFC Bank,Jorge Gonzalez,XXXX2926,Car,109415.76,19-04-2025,Low,1,,,02-05-2025,256165.64,15075.41
HDFC Bank,Andrew Watson,XXXX1995,House,109282.15,25-07-2025,Low,,1,,11-12-2025,,0
ICICI Bank,Rachael Harris,XXXX6760,Car,321459.31,21-12-2023,High,,1,,03-05-2023,75676.32,3029.7
SBI,Kathryn Pitts,XXXX6742,Car,459131.75,23-07-2024,High,,1,,27-09-2024,253970.99,27821.03
SBI,Steven Garner,XXXX7167,Car,380380.41,06-09-2023,Medium,,1,,06-08-2023,,0
ICICI Bank,Shane Davis,XXXX8732,House,213431.77,04-12-2024,Low,,,1,01-09-2024,329699.91,15164.41
ICICI Bank,Kenneth Carroll,XXXX9093,Car,164750.09,20-11-2023,Medium,,1,,07-03-2023,,0
HDFC Bank,Richard Williamson,XXXX6240,Car,170121.9,26-12-2024,Medium,,1,,24-10-2024,138636.11,11957.39
Axis Bank,Kristen Hurst,XXXX8337,House,54588.89,10-11-2023,Medium,,1,,31-07-2023,,0
ICICI Bank,Corey Robinson,XXXX6278,House,270505.54,25-04-2024,Medium,1,,,26-05-2024,125554.63,6326.49
HDFC Bank,Philip Horton,XXXX7596,Car,372260.1,27-10-2024,Medium,,1,,22-05-2024,76254.62,8273.82
Kotak Mahindra,Jamie Thomas,XXXX7330,Car,145758.71,19-07-2025,Medium,1,,,14-04-2025,419273.25,6770.17
Axis Bank,Edward Stephens,XXXX7469,Car,266851.19,30-11-2023,Low,1,,,05-12-2023,,0
SBI,Lauren Jones,XXXX8102,Car,385264.18,05-12-2023,Low,,1,,11-07-2023,77136.1,6345.3
HDFC Bank,Thomas Day,XXXX3229,Car,496194.03,16-01-2024,High,1,,,31-08-2024,385848.91,11427.68
Kotak Mahindra,Steven Bishop,XXXX4226,Car,154300.72,21-07-2025,High,1,,,17-02-2025,236543.5,2631.35
ICICI Bank,Allison Jimenez,XXXX3091,House,270392.24,25-12-2023,Low,1,,,29-03-2023,116563.68,4424.04
SBI,Rachel Maldonado,XXXX5984,House,262442.79,17-07-2024,Low,1,,,28-06-2024,272895.26,5414.59
SBI,Tiffany Frazier,XXXX1213,Car,447723.36,29-03-2024,Medium,1,,,06-01-2024,214471.43,1043.91
Axis Bank,Crystal Smith,XXXX9790,Car,159368.71,10-11-2023,Low,1,,,13-10-2023,129840.27,14244
Axis Bank,Catherine Collier,XXXX2496,House,401811.69,17-09-2023,Medium,,1,,03-01-2023,,0
ICICI Bank,Angel Cervantes,XXXX8853,Car,341242.95,30-10-2024,High,,1,,21-03-2024,,0
ICICI Bank,Joel Weiss,XXXX6525,Car,266288.87,14-10-2024,Low,1,,,10-11-2024,201145.18,8065.42
Kotak Mahindra,Beth Patel,XXXX1464,Car,176410.06,31-10-2023,High,1,,,09-05-2023,474329.26,2168.63
Axis Bank,Mr. Nicholas Perkins,XXXX6882,House,93050.24,13-01-2025,Low,,1,,29-04-2025,97250.62,3024.2
HDFC Bank,Jacob Mclaughlin,XXXX2429,Car,114876.83,17-03-2025,Low,1,,,27-04-2025,440110.83,37613.54
HDFC Bank,Tara Tucker,XXXX9688,Car,299852.35,15-09-2023,High,,1,,18-10-2023,467906.89,1029.32
Kotak Mahindra,Crystal Wallace,XXXX6723,House,108171.86,21-03-2025,High,,1,,19-05-2025,155417.74,5760.49
ICICI Bank,Gabriela Coleman,XXXX4650,Car,84132.66,21-02-2024,High,,1,,29-05-2024,83831.72,5278.92
SBI,Brian Anderson,XXXX3338,Car,214882.46,17-06-2024,Medium,,1,,26-04-2024,,0
SBI,David Harris,XXXX9017,House,447179.34,15-03-2024,Low,1,,,23-10-2024,456561.86,1856.16
Axis Bank,Angela Bush,XXXX6496,Car,398582.68,15-02-2025,High,1,,,12-08-2025,53495.79,4467.24
ICICI Bank,James Hurst MD,XXXX6791,Car,97318.5,12-01-2024,Medium,1,,,24-02-2024,153909.11,10449.18
Axis Bank,William Williams,XXXX7412,Car,455784.11,10-10-2023,Medium,,1,,21-04-2023,,0
ICICI Bank,Hunter Allen,XXXX2718,Car,348741.74,01-01-2024,Low,,1,,30-05-2024,111858.76,10182.43
SBI,Michael Thompson DVM,XXXX1276,House,498755.96,12-05-2024,High,,,1,06-02-2024,,0
HDFC Bank,Bradley Wu,XXXX4303,House,363842.86,09-04-2025,High,,1,,23-05-2025,,0
SBI,Elizabeth Patel,XXXX3343,House,460470.95,31-05-2024,Low,,1,,08-01-2024,,0
ICICI Bank,Jesse Butler,XXXX1933,House,50877.48,10-02-2025,Low,1,,,20-02-2025,204589.83,11708.2
Kotak Mahindra,Thomas Robinson,XXXX8637,House,53146.08,30-11-2024,Low,,1,,15-06-2024,153600.22,15350.85
Kotak Mahindra,Mike Davis,XXXX4128,Car,495307.32,01-03-2024,Medium,1,,,18-01-2024,373615.56,32645.34
HDFC Bank,Timothy Carroll,XXXX4269,Car,134975.91,12-03-2024,Low,1,,,06-10-2024,384460.49,19284.83
ICICI Bank,Matthew Byrd,XXXX2492,House,98701.57,20-10-2024,Low,1,,,19-02-2024,,0
Kotak Mahindra,Robyn Rasmussen,XXXX3124,House,431993.19,02-05-2024,Medium,1,,,05-06-2024,399326.65,19768.25
SBI,Julie Gill,XXXX4278,House,475450.42,09-06-2024,High,1,,,10-10-2024,407329.48,21495.93
HDFC Bank,Vincent Ross,XXXX6308,House,425869.33,30-04-2025,Medium,,,1,07-05-2025,104424.16,11013.98
HDFC Bank,Sarah Moore,XXXX7546,House,252763.33,01-01-2025,Medium,1,,,27-07-2025,,0
ICICI Bank,David Green,XXXX5651,House,102163.4,22-01-2024,Low,,,1,07-07-2024,,0
SBI,Steven Carr,XXXX5575,Car,157719.65,21-10-2024,High,1,,,05-06-2024,,0
HDFC Bank,Ryan Herrera,XXXX2398,Car,237887.84,14-09-2023,Medium,1,,,06-06-2023,408237.65,43212.59
SBI,Jacqueline Perez,XXXX2892,Car,433731.98,17-03-2025,Medium,1,,,07-10-2025,377483.9,11049.07
HDFC Bank,Corey Dixon,XXXX4497,House,444931.52,06-07-2025,Medium,,1,,31-07-2025,138917.96,1869.7
ICICI Bank,Jeffrey Rodriguez,XXXX3803,House,465080.06,10-07-2025,High,,1,,25-12-2025,298969.7,3048.71
Axis Bank,Jennifer Bridges,XXXX9973,Car,119519.09,29-05-2025,High,1,,,07-03-2025,281348.96,29385.36
ICICI Bank,Joanna Lee,XXXX3414,House,213522.54,25-02-2025,High,,1,,09-10-2025,,0
Axis Bank,Lauren Davis,XXXX3971,Car,417277.59,26-01-2025,Low,1,,,29-12-2025,151216.33,9829.68
HDFC Bank,Samantha Lin,XXXX2632,Car,323283.79,30-05-2024,High,,1,,15-02-2024,137705.07,13913.29
HDFC Bank,Cody Miller,XXXX7713,Car,271638.01,20-05-2025,Medium,1,,,06-09-2025,299065.88,3598.73
SBI,Christopher Park,XXXX5967,Car,194840.7,06-09-2024,High,,1,,08-12-2024,306382.23,15202.52
HDFC Bank,Alicia Herrera,XXXX5168,House,278457.16,23-04-2025,Low,1,,,13-05-2025,,0
Axis Bank,Lisa Levy MD,XXXX9755,Car,197339.63,10-11-2024,Low,,1,,04-11-2024,,0
SBI,Michael Whitehead,XXXX7347,House,123569.62,16-03-2025,High,,,1,24-10-2025,273369.52,734.71
Axis Bank,Bernard Rice,XXXX8241,Car,79480.06,26-05-2025,Low,,1,,17-12-2025,,0
HDFC Bank,Paul Brown,XXXX6106,Car,297500.48,15-12-2024,High,,1,,30-05-2024,341568.52,35637.64
SBI,Gary Mcdaniel,XXXX4868,Car,268132.77,18-06-2024,Low,1,,,04-07-2024,128605.28,12087.91
Axis Bank,Tracy Ramirez,XXXX9222,House,245126.08,11-07-2024,High,1,,,22-01-2024,456108.85,7185.67
Kotak Mahindra,Wendy Rodgers,XXXX5172,Car,483129.54,07-02-2024,Low,,1,,15-12-2024,401741.25,18669.22
Kotak Mahindra,David Blevins,XXXX7280,Car,75551.02,29-10-2024,High,1,,,03-12-2024,324383.69,33224.67
Kotak Mahindra,Jacqueline Alexander,XXXX9709,Car,157505.01,29-02-2024,Low,1,,,06-08-2024,260609.32,3462.94
HDFC Bank,Steven Mckinney,XXXX9094,House,114519.04,16-12-2024,Low,,1,,17-11-2024,362271.94,18864.7
SBI,David Barr,XXXX1203,Car,93530.09,12-11-2023,Low,,1,,08-04-2023,342376.84,28017.14
ICICI Bank,Danielle Mcgrath,XXXX5401,Car,240519.34,28-02-2024,Medium,1,,,24-07-2024,,0
Kotak Mahindra,Peggy Savage,XXXX8806,Car,230496.29,17-06-2025,High,,,1,09-06-2025,,0
Kotak Mahindra,Jermaine Mccarthy,XXXX7480,House,244922.98,04-09-2024,Low,,1,,26-07-2024,403246.26,16534.59
Axis Bank,Jack Arellano,XXXX1709,House,206288.26,12-03-2025,Medium,1,,,19-08-2025,409378.34,42724.09
ICICI Bank,Dr. Samuel Lopez,XXXX4869,Car,449781.31,06-09-2023,Medium,,1,,22-11-2023,100821.26,1022.41
SBI,Cheryl Schroeder,XXXX1965,Car,187817.59,24-07-2024,High,,1,,05-09-2024,453719.75,29985.73
ICICI Bank,Karen Guerrero,XXXX6234,House,327781.16,29-08-2024,Low,,1,,20-08-2024,,0
HDFC Bank,Debra Harris,XXXX8098,House,420930.21,03-08-2025,Low,,1,,14-02-2025,,0
Axis Bank,Jennifer Page,XXXX9602,House,328784.64,01-06-2025,Medium,,,1,10-06-2025,145523.59,11709.49
HDFC Bank,Anne Haney,XXXX1969,House,123971.96,04-09-2023,High,1,,,05-12-2023,,0
Kotak Mahindra,Scott Sutton,XXXX4668,House,210799.94,29-11-2024,Low,1,,,13-01-2024,,0
SBI,Steven Walls,XXXX3300,Car,297550.67,16-12-2024,Low,1,,,24-03-2024,259505.89,15624.55
Axis Bank,Alan Curtis,XXXX1873,House,191274.62,01-04-2024,Medium,,1,,21-11-2024,238911.98,26458.64
ICICI Bank,Sean Howard,XXXX2206,Car,450939.12,18-01-2024,High,1,,,25-11-2024,,0
SBI,Jeffery Gonzales,XXXX2570,House,94528.24,13-02-2025,Low,1,,,30-01-2025,204673.42,7139.61
HDFC Bank,Julie Leonard,XXXX4676,House,486635.13,08-01-2024,High,1,,,11-03-2024,315468.15,5901.65
ICICI Bank,Lance Barnes,XXXX2592,Car,478415.95,22-07-2025,High,,1,,20-07-2025,458716,40551.9
Kotak Mahindra,William Kirby,XXXX8766,House,382486.74,01-02-2025,Medium,1,,,05-11-2025,169762.88,3604.12
HDFC Bank,Lindsay Parks,XXXX6121,House,354327.05,20-09-2024,Low,,1,,07-05-2024,121853.06,1607.67
HDFC Bank,Kimberly Gonzalez,XXXX3971,House,356391.89,20-01-2024,High,,1,,12-08-2024,68719.19,715.09
ICICI Bank,Rachel Lopez MD,XXXX6095,House,169119.64,07-08-2023,Low,1,,,16-03-2023,100619.99,9244.65
ICICI Bank,Veronica Nguyen,XXXX5643,Car,168524.63,26-08-2024,Medium,1,,,18-07-2024,290199.22,15392.58
SBI,Gary Nelson,XXXX3579,House,480898.2,18-02-2025,Low,1,,,12-11-2025,,0
SBI,Kathryn White,XXXX2793,House,180629.41,02-05-2025,Low,1,,,15-01-2025,133273.52,8347.06
ICICI Bank,Erik Johnson,XXXX5831,House,383657.43,28-09-2024,Medium,1,,,10-03-2024,,0
SBI,Denise Shah,XXXX6379,House,462905.38,23-01-2024,Medium,1,,,13-10-2024,,0
SBI,Robert Maynard,XXXX9938,Car,365686.86,15-12-2023,Low,,,1,23-02-2023,193939.01,20426.63
Kotak Mahindra,Mary Johnson,XXXX7013,Car,479254.75,23-02-2024,High,,1,,23-08-2024,305148.51,18755.58
SBI,Geoffrey Randolph Jr.,XXXX1747,Car,358049.43,29-08-2023,Medium,1,,,02-09-2023,146467.2,6500.95
HDFC Bank,Connie Snyder,XXXX6574,House,213218.64,15-01-2025,Low,,1,,24-11-2025,220124.98,6662.45
Axis Bank,Ronald Nelson,XXXX5982,House,223181.51,10-09-2024,High,1,,,15-03-2024,,0
HDFC Bank,Jeffrey Moore,XXXX9661,House,235931.82,20-06-2025,Low,1,,,14-04-2025,337904.3,36539.25
Kotak Mahindra,Andres Smith,XXXX8260,House,331650.56,26-12-2024,Medium,,1,,11-04-2024,233109.68,20663.85
HDFC Bank,Arthur Guerrero,XXXX1631,Car,423345.88,29-11-2024,Medium,,1,,16-05-2024,,0
Axis Bank,Lisa Woods,XXXX8438,Car,399500.42,22-02-2024,Medium,,,1,15-07-2024,,0
SBI,Cynthia Gomez,XXXX4988,House,392890.9,02-01-2024,Low,1,,,25-01-2024,326734.21,24965.2
HDFC Bank,Danielle Reese,XXXX4046,House,174720.75,09-10-2024,Medium,1,,,18-01-2024,233826.53,4212.18
ICICI Bank,Teresa Galvan,XXXX9055,Car,153437.7,17-08-2023,Medium,,1,,15-09-2023,163086.37,4350.02
SBI,Joseph Jackson,XXXX7177,House,378642.4,12-02-2025,High,1,,,09-07-2025,184404.16,17100.98
SBI,Derrick Rice,XXXX6980,House,362747.17,18-06-2024,Low,,,1,11-09-2024,262156.07,5276.47
Axis Bank,Stacey Moore,XXXX2808,Car,71492.47,16-11-2024,Low,1,,,03-12-2024,208360.49,10072.16
Kotak Mahindra,Candice James,XXXX3551,Car,102197.46,09-03-2025,High,,1,,08-01-2025,,0
ICICI Bank,Mark Ramos,XXXX8132,Car,174694.86,07-07-2025,Medium,1,,,24-07-2025,352273.24,26482.45
HDFC Bank,Lisa Thompson,XXXX1289,House,325630.14,22-03-2024,High,1,,,24-08-2024,,0
Axis Bank,Jordan Avila,XXXX9408,Car,138847.27,11-07-2024,High,1,,,08-11-2024,169819.48,14119.29
Axis Bank,Brenda Nelson,XXXX5938,House,421155.46,30-03-2024,Medium,,1,,22-10-2024,82674.8,3842.11
Axis Bank,Emily Roberts,XXXX1461,Car,176247.55,24-11-2023,High,1,,,04-01-2023,78471.44,6417.48
ICICI Bank,Karina Johnson,XXXX3281,House,364676.86,29-05-2024,Low,1,,,01-10-2024,222191.8,14415.78
Kotak Mahindra,Dr. Brianna Short,XXXX3657,House,148024.59,01-07-2024,High,,,1,18-07-2024,249385.85,685.62
Kotak Mahindra,Ashley Powell,XXXX3241,House,167140.9,23-03-2025,Medium,1,,,02-11-2025,281023.49,11498.18
ICICI Bank,Bradley Richardson,XXXX2517,House,358354.5,10-11-2024,Medium,1,,,20-11-2024,268642.03,15009.29
ICICI Bank,Joseph Hughes,XXXX1290,Car,254848.95,16-04-2024,Low,1,,,29-04-2024,94729.98,7061.23
ICICI Bank,Emily Valdez,XXXX1441,House,232133.69,28-11-2024,Medium,1,,,05-04-2024,,0
ICICI Bank,Charles Long,XXXX1967,Car,224280.09,19-10-2023,Low,,1,,20-07-2023,445998.88,7606.63
HDFC Bank,Ray Butler,XXXX1999,Car,392885.5,18-03-2024,Medium,1,,,21-06-2024,,0
HDFC Bank,Todd Serrano,XXXX7559,House,149568.5,03-06-2024,Low,1,,,09-02-2024,396274.99,22103.25
SBI,Amy Floyd,XXXX7009,House,227022.44,06-06-2025,Low,1,,,09-09-2025,361403.9,2877.3
ICICI Bank,Sandra Powell,XXXX7539,House,365702.83,04-08-2024,Medium,,1,,14-04-2024,,0
Kotak Mahindra,Terry Oconnor,XXXX8460,Car,475381.95,16-11-2023,Low,1,,,06-12-2023,,0
HDFC Bank,Diane French,XXXX6911,Car,302881.15,25-01-2024,Medium,,1,,25-02-2024,247193.95,3951.07
Axis Bank,Benjamin Alexander,XXXX3615,Car,69639.4,13-11-2024,Low,,1,,05-01-2024,289955.67,3074.05
Axis Bank,Darrell Jenkins,XXXX2420,House,96443.56,15-04-2024,High,1,,,14-05-2024,167603.4,4947.06
ICICI Bank,Willie Williams,XXXX3157,House,352898.05,11-02-2025,Low,1,,,14-07-2025,455338.93,1715.11
HDFC Bank,Christopher Wolf,XXXX8341,House,165406.78,05-04-2024,Low,1,,,29-07-2024,337461.74,3614.23
Axis Bank,Jennifer Hall,XXXX2012,Car,184269.49,01-04-2024,Low,1,,,21-12-2024,,0
SBI,Renee Hall,XXXX3376,Car,257584.45,23-07-2025,Medium,1,,,07-11-2025,,0
SBI,Bryan Long,XXXX2722,Car,286517.57,29-12-2024,Low,1,,,16-11-2024,440616.67,8630.11
Kotak Mahindra,Anthony Myers,XXXX8979,House,315682.82,06-03-2024,Medium,1,,,21-07-2024,175547.53,8790.03
Axis Bank,John Williams DDS,XXXX5532,House,468604.13,18-11-2023,Low,1,,,06-06-2023,331509.54,19802.48
Axis Bank,Haley Henry,XXXX9341,House,305868,10-09-2023,Medium,1,,,11-03-2023,316241.51,33205
Kotak Mahindra,Amy Wright,XXXX7660,Car,237520.24,18-05-2024,High,,1,,08-07-2024,408161.94,43360.9
HDFC Bank,Michelle Gomez,XXXX3024,Car,110367.38,24-01-2024,Low,,1,,21-02-2024,479063.19,18757.01
Kotak Mahindra,Mary Jones,XXXX2772,House,77810.85,30-07-2025,Medium,,1,,01-07-2025,101033.64,3525.78
Kotak Mahindra,Joshua Black,XXXX1104,House,365786.36,28-11-2023,Low,,1,,23-03-2023,,0
SBI,Julie Green,XXXX4054,House,94118.15,07-11-2023,Medium,,1,,15-10-2023,,0
Kotak Mahindra,Keith Lindsey,XXXX7164,Car,344369.93,20-11-2024,Low,1,,,14-04-2024,291957.85,14179.4
ICICI Bank,Deborah Dominguez,XXXX2750,Car,373507.71,22-04-2025,Medium,,1,,14-06-2025,,0
Axis Bank,Alicia Mitchell,XXXX2925,House,159543.69,21-01-2024,Medium,1,,,28-12-2024,326940.18,16035.09
HDFC Bank,Margaret Walton,XXXX5207,House,225241.63,29-06-2025,Low,,1,,21-10-2025,397094.6,9341.65
SBI,Jo Hill,XXXX8498,Car,474911.81,03-05-2025,Low,1,,,10-08-2025,168329.97,1323.3
SBI,Adam Harrison,XXXX3369,Car,341276.95,26-02-2025,Low,1,,,12-12-2025,464547.49,7461.56
HDFC Bank,Kyle Ferrell,XXXX6683,House,312240.49,10-08-2024,High,1,,,04-03-2024,432615.54,36215.82
Axis Bank,Timothy Ford,XXXX3420,House,257240.5,09-12-2024,High,,1,,15-08-2024,327137.35,6137.83
SBI,Frank Bates,XXXX2987,Car,468267.43,08-08-2024,Medium,1,,,05-12-2024,389400.45,5414.64
Axis Bank,Gabriella Mcpherson,XXXX7803,House,147444.3,14-04-2025,High,1,,,16-01-2025,333450.39,4230.76
Axis Bank,Kayla Velazquez,XXXX5646,Car,389352.11,03-04-2024,Medium,,1,,23-01-2024,,0
ICICI Bank,Laurie Jensen,XXXX6742,Car,337773.22,20-08-2023,Medium,1,,,20-04-2023,,0
SBI,Michael Martinez,XXXX7617,Car,125685.08,07-02-2025,Low,,1,,05-03-2025,338252.42,31740.35
Kotak Mahindra,Ashley Acosta,XXXX2371,House,62120.82,30-12-2024,Medium,,1,,16-01-2024,,0
Kotak Mahindra,Andrew Lozano,XXXX7587,House,194008.21,04-02-2024,Low,1,,,24-01-2024,,0
Kotak Mahindra,Samantha Smith,XXXX7794,Car,150813.7,23-08-2024,High,1,,,31-05-2024,77317.12,2772.04
Kotak Mahindra,Jeffrey King,XXXX8978,House,105690.16,08-03-2024,High,,1,,07-02-2024,133812.3,1095.21
ICICI Bank,Johnathan Long,XXXX7754,House,259133.49,18-01-2024,Medium,1,,,11-06-2024,49232.27,2161.17
Axis Bank,Jonathan Burns,XXXX7979,Car,193918.09,30-01-2025,High,,1,,15-07-2025,173933.4,15356.69
ICICI Bank,Valerie Hernandez,XXXX7985,Car,394682.08,25-01-2024,High,,1,,10-09-2024,411665.72,10662.84
SBI,Edward Carroll,XXXX1132,House,340437.34,15-06-2025,Low,,1,,18-02-2025,462751.34,29342.36
ICICI Bank,Tyler Walker MD,XXXX7030,House,161042.73,22-02-2025,Low,1,,,16-11-2025,354556.52,12353.73
ICICI Bank,Richard Bonilla,XXXX4464,House,136263.31,02-05-2024,Low,1,,,05-08-2024,300258.05,3620.56
HDFC Bank,Alexis Peters,XXXX7740,House,232957.94,19-08-2023,High,1,,,06-01-2023,134810.99,6617.42
HDFC Bank,April Walton,XXXX3102,Car,283024.98,07-10-2024,High,1,,,28-02-2024,,0
Kotak Mahindra,Jacob Stephens,XXXX4259,Car,234888.4,09-11-2023,Low,,1,,19-05-2023,78110.47,8675.85
Kotak Mahindra,Catherine Clark,XXXX3956,Car,88175.74,18-01-2025,High,,1,,25-05-2025,,0
ICICI Bank,Jason Hull,XXXX5673,Car,153413.56,03-02-2025,Medium,,1,,26-04-2025,399826.51,18995.32
SBI,Benjamin Dalton,XXXX3532,House,277194.32,28-08-2023,Medium,1,,,22-11-2023,375649.43,33236.03
SBI,Tiffany Mcconnell,XXXX9839,House,202265.07,03-11-2023,Medium,1,,,06-03-2023,457735.54,31877.75
ICICI Bank,Mark Church,XXXX6520,House,306028.43,12-03-2024,Low,,1,,13-12-2024,111653.58,2452.88
HDFC Bank,Michael Hudson,XXXX9625,House,118795.82,20-10-2024,High,1,,,27-07-2024,,0
ICICI Bank,Jonathan Williams,XXXX1178,House,210806.05,30-05-2024,High,,1,,17-09-2024,459148.48,26573.72
HDFC Bank,Brittany Bass,XXXX9269,Car,271857.02,02-05-2025,High,,1,,19-05-2025,,0
Kotak Mahindra,Eric Cooper,XXXX9297,House,306278.16,23-07-2024,High,,1,,18-11-2024,,0
ICICI Bank,Laura Lopez,XXXX6510,Car,280532.25,20-10-2024,High,,1,,28-11-2024,147274.43,11740.99
HDFC Bank,Jack Garcia,XXXX2812,House,147125.39,26-06-2025,Medium,1,,,05-08-2025,,0
Axis Bank,Robert Dixon,XXXX7420,House,404753.28,17-12-2023,High,1,,,14-02-2023,184373.65,2309.07
ICICI Bank,Joseph Carter,XXXX9229,Car,342270.33,14-10-2023,High,1,,,08-06-2023,359906.54,19369.25
ICICI Bank,Zoe Montoya,XXXX6635,House,218450.54,09-01-2024,Medium,,1,,03-05-2024,,0
Kotak Mahindra,Joseph Allen,XXXX4326,Car,53420.99,25-02-2024,Low,,1,,25-07-2024,414746.13,27864.94
Axis Bank,Ralph Rangel,XXXX2445,House,53496.77,03-11-2024,Medium,,1,,03-03-2024,127652.03,10748.8
Kotak Mahindra,Benjamin Nolan,XXXX4522,House,116144.45,10-02-2024,Medium,1,,,21-05-2024,70485.68,5344.08
ICICI Bank,Darlene Franco,XXXX3689,House,416204.72,31-01-2024,Medium,1,,,01-09-2024,204245.53,531.88
Kotak Mahindra,Tamara Colon,XXXX6498,Car,295189.92,16-11-2023,Medium,1,,,08-03-2023,126769.65,11552.78
ICICI Bank,Andrew Weaver,XXXX3976,House,384326.68,23-04-2024,Low,1,,,17-08-2024,246350.64,1219.37
SBI,Patricia Holland,XXXX8506,House,481103.04,22-09-2024,High,,1,,22-10-2024,204621.34,20551.69
Kotak Mahindra,Adriana Vincent,XXXX8492,House,92930.64,24-02-2024,Medium,,1,,24-11-2024,134884.38,13900.3
SBI,Randy Robinson,XXXX3047,House,477979.47,27-04-2024,High,,,1,03-12-2024,443602.92,1586.89
Axis Bank,Paul Roth,XXXX9063,Car,389407.73,22-02-2024,Low,1,,,21-07-2024,211332.22,9698.23
ICICI Bank,Tina Herrera,XXXX1404,House,290146.08,17-09-2023,Low,1,,,09-08-2023,169963.82,4110.35
HDFC Bank,Chloe Williams,XXXX1171,Car,369894.11,07-05-2024,Low,,1,,04-06-2024,71666.97,1205.27
Kotak Mahindra,Benjamin Garza,XXXX9928,Car,177912.29,28-01-2024,High,,1,,05-08-2024,,0
SBI,Joshua West,XXXX8548,Car,495987.7,11-03-2024,Medium,,,1,05-09-2024,421108.73,14139.84
HDFC Bank,Brandi Spencer,XXXX7339,House,165612.86,23-05-2024,Medium,,,1,20-07-2024,452541.93,34509.6
Axis Bank,Garrett Luna,XXXX4235,House,255197.86,15-12-2023,Medium,1,,,10-04-2023,453630.83,40085.08
SBI,Tony Moore,XXXX4141,House,177176.38,04-03-2024,Medium,1,,,17-05-2024,127148.43,11922.33
HDFC Bank,Steven Bernard,XXXX7063,Car,344772.22,01-11-2024,Low,,1,,10-05-2024,79736.61,6596.64
Axis Bank,Raymond Thomas,XXXX4229,Car,297183.17,14-06-2024,Medium,1,,,01-10-2024,332997.81,2082.07
HDFC Bank,Lori Harris,XXXX7240,House,211237.53,27-12-2023,High,,1,,07-09-2023,157019.24,11427.79
SBI,Mary Morales,XXXX9461,House,373526.52,21-04-2025,High,,1,,16-05-2025,258818.08,26442.3
HDFC Bank,Patricia Lambert,XXXX9673,House,373490.02,18-05-2025,Medium,1,,,17-09-2025,311597.77,6493.75
HDFC Bank,Terri Torres,XXXX6020,Car,215137.15,11-08-2024,High,1,,,16-10-2024,390887.79,28346.5
Axis Bank,Christopher Floyd,XXXX7670,Car,125886.37,19-08-2023,High,1,,,27-08-2023,173767.89,12384.69
HDFC Bank,Katherine Reed,XXXX8745,House,326597.08,06-07-2024,Low,,1,,09-11-2024,110953.11,1476.88
Axis Bank,Jessica Ramirez,XXXX4461,Car,486046.15,01-02-2024,Medium,,,1,08-07-2024,,0
SBI,Holly Baker,XXXX6464,Car,65474.64,14-01-2024,Medium,1,,,13-01-2024,410410.43,44116.34
Kotak Mahindra,Edward Newton,XXXX1716,House,76277.31,24-02-2025,Medium,1,,,24-02-2025,363818.07,6352.53
Axis Bank,Jennifer Garcia,XXXX7097,Car,375661.76,03-02-2024,Medium,,1,,04-09-2024,386165.83,12212.38
HDFC Bank,Derek Robinson,XXXX9277,House,155469,10-02-2024,Low,,1,,13-05-2024,309661.72,34308.05
SBI,Kristen Dunn,XXXX3520,House,219849.11,06-07-2025,High,,1,,07-05-2025,377192.48,22173.56
ICICI Bank,Nicholas Gates,XXXX6983,Car,89279.07,05-08-2025,Medium,1,,,23-12-2025,64812.07,2505.5
Axis Bank,Paul Waters,XXXX4817,Car,421696.11,04-07-2025,High,,1,,14-06-2025,203570.78,16933.94
ICICI Bank,Paul Castillo,XXXX7235,House,209543.64,17-09-2023,Medium,1,,,12-04-2023,238332.33,764.12
ICICI Bank,Darlene Taylor,XXXX1190,Car,318374.44,28-04-2025,High,,1,,15-02-2025,,0
SBI,Arthur Vincent,XXXX2037,Car,93476.71,25-06-2024,Medium,1,,,23-02-2024,419586.36,33128.12
Axis Bank,Joseph Adams,XXXX6364,House,254954.24,07-09-2024,Medium,,1,,18-10-2024,143408.75,5093.57
HDFC Bank,Pamela Edwards,XXXX7431,House,422191.19,12-06-2025,High,,1,,12-08-2025,296690.98,9532.35
ICICI Bank,Terry Jensen MD,XXXX1827,House,375924.79,25-11-2023,Medium,,1,,27-01-2023,,0
ICICI Bank,Erika Fry,XXXX3591,Car,301356.79,04-11-2023,High,1,,,17-10-2023,49278.48,4850.78
ICICI Bank,Samantha Miller,XXXX8387,House,186813.37,17-11-2024,High,1,,,02-04-2024,368088.08,11257.74
HDFC Bank,Ethan Johnson,XXXX7720,House,448706.75,06-05-2024,Low,,1,,10-01-2024,424392.26,32657.84
SBI,Christopher Brown,XXXX3777,House,107104.75,03-10-2024,Low,1,,,29-09-2024,186929.78,5792.63
SBI,Audrey Jones,XXXX5230,House,286645.67,25-03-2025,Medium,,1,,21-03-2025,128843.64,7807.33
Axis Bank,Meredith Griffin,XXXX2433,House,143923.97,02-03-2025,High,,1,,21-05-2025,212810.71,23144.35
SBI,Jeffery Austin,XXXX9887,House,202818.96,27-12-2023,Low,,1,,10-07-2023,48479.39,4841.33
Kotak Mahindra,Kathleen Baldwin,XXXX9040,Car,234342.83,11-07-2025,Medium,1,,,21-06-2025,362509.55,8911.38
HDFC Bank,James Jackson,XXXX2900,Car,354625.01,17-04-2024,Medium,,1,,26-10-2024,249510.88,16714.95
SBI,Chase Edwards,XXXX2231,House,290186.12,05-10-2024,High,1,,,25-12-2024,295761.44,9224.45
HDFC Bank,Lonnie Jones,XXXX5322,Car,405518.24,26-04-2025,High,,1,,29-09-2025,169843.91,5356.62
ICICI Bank,Kenneth Pineda,XXXX6659,House,87242.83,25-02-2025,Medium,,1,,26-07-2025,251699.09,4527.21
Axis Bank,Monica Foster,XXXX2293,House,113194.55,02-04-2024,High,,1,,09-04-2024,,0
ICICI Bank,Taylor Parker,XXXX2749,Car,414647.94,05-06-2025,Medium,,1,,05-12-2025,253682.96,4258.16
SBI,Jordan Gonzalez,XXXX8900,House,115045.99,22-05-2025,Medium,1,,,01-06-2025,313021.85,23114.17
Kotak Mahindra,William Stark,XXXX2937,Car,316446.59,10-11-2023,Low,1,,,21-09-2023,216295.06,22186.03
HDFC Bank,Cynthia Frye,XXXX4226,Car,288498.23,20-09-2023,High,1,,,24-02-2023,,0
Axis Bank,Karen Walker,XXXX3191,Car,476862.85,30-04-2025,High,1,,,12-01-2025,149928.46,10845
HDFC Bank,Michele Navarro,XXXX9559,Car,330651.9,31-07-2025,Low,,1,,22-02-2025,187421.16,17664.86
SBI,Katherine Maddox,XXXX9754,House,314411.43,03-07-2024,Low,1,,,27-08-2024,,0
ICICI Bank,Marc Michael,XXXX2375,House,410605.9,25-07-2024,Medium,1,,,27-12-2024,291226.36,16999.89
Axis Bank,Brian Hamilton,XXXX9198,House,269534.22,17-02-2025,Low,1,,,28-06-2025,63489.58,5818.18
ICICI Bank,Christian Strickland DDS,XXXX3632,House,110716.27,17-12-2023,Medium,,,1,15-08-2023,144928.32,12861.17
HDFC Bank,Shawn Williams,XXXX7346,Car,65193.82,01-05-2025,Low,,1,,08-08-2025,185704.43,6489.48
Axis Bank,Caitlyn Hansen,XXXX4805,House,397641.03,18-10-2024,High,,1,,23-04-2024,46580.88,3920.69
Axis Bank,William Burch,XXXX5228,House,54049.49,23-01-2025,High,,1,,25-04-2025,223262,4447.23
Kotak Mahindra,Terry French,XXXX6084,Car,325959.87,23-11-2024,High,,1,,12-06-2024,332438.43,13595.18
ICICI Bank,Julie Bishop,XXXX9964,Car,385342.15,09-10-2023,Low,,,1,16-10-2023,438481.23,2991.81
Kotak Mahindra,Antonio Sanders,XXXX6217,Car,182117.12,20-03-2025,High,,,1,20-02-2025,,0
HDFC Bank,Richard Adams,XXXX8870,Car,414007.69,19-05-2025,High,1,,,26-01-2025,223730.84,7631.26
Kotak Mahindra,Matthew Jacobs,XXXX7894,Car,108255.65,22-09-2023,Medium,1,,,17-02-2023,384071.01,35795.48
HDFC Bank,Robert Ford,XXXX3881,House,90935.56,27-10-2023,High,1,,,23-05-2023,309904.6,22044.09
Axis Bank,Laura Turner,XXXX8694,Car,313807.56,09-07-2024,High,1,,,14-09-2024,,0
ICICI Bank,Rachel Armstrong,XXXX9985,House,133154.41,27-10-2024,Low,,,1,21-01-2024,,0
Kotak Mahindra,Travis Morris,XXXX6503,Car,232464.95,26-01-2024,Low,1,,,05-11-2024,,0
Kotak Mahindra,Manuel Pittman,XXXX8171,Car,231323.11,16-02-2024,Medium,1,,,20-11-2024,,0
HDFC Bank,Randall Baker,XXXX7343,Car,395860.12,17-08-2024,High,,1,,19-01-2024,450836.26,16740.78
HDFC Bank,Christopher Beasley,XXXX8026,Car,493097.86,12-11-2023,Medium,,1,,24-03-2023,340856.39,30928.92
ICICI Bank,Robin Atkins,XXXX6049,House,61034.96,03-10-2024,Medium,,,1,15-08-2024,,0
ICICI Bank,Mrs. Heather Gonzales,XXXX3448,Car,152163.44,15-06-2024,Low,1,,,08-10-2024,,0
Axis Bank,Timothy Obrien,XXXX1401,House,114056.35,11-06-2024,Low,1,,,10-04-2024,260088.1,8315.38
ICICI Bank,Shannon Daugherty,XXXX9664,Car,259719.81,27-04-2025,Low,1,,,14-10-2025,218130.32,18694.67
SBI,Dr. Charles Moore,XXXX9747,House,261877.77,29-09-2023,Low,,1,,03-04-2023,320537.21,14953.59
SBI,Bryce Walker,XXXX4558,Car,290431.96,13-08-2024,Medium,,,1,29-03-2024,270682.54,27472.42
SBI,Mrs. Crystal Ward,XXXX9605,Car,236027.71,11-03-2025,High,1,,,04-12-2025,,0
SBI,Susan Thompson,XXXX4909,Car,392121.2,15-06-2024,High,1,,,12-07-2024,242149.59,2281.86
Axis Bank,Jeremiah Coleman,XXXX2533,House,415561,24-02-2025,Low,1,,,08-10-2025,366784.22,38388.24
HDFC Bank,Jon Morales,XXXX7644,Car,499219.74,18-08-2023,Low,1,,,17-06-2023,92052.04,482.15
ICICI Bank,Justin Lynch,XXXX3700,House,209201.23,30-10-2024,Medium,,1,,11-06-2024,450925.58,22550.39
Kotak Mahindra,Jordan Singh,XXXX5711,Car,278086.58,23-07-2025,High,1,,,01-02-2025,,0
ICICI Bank,Nancy Irwin,XXXX1339,Car,113519.74,29-12-2023,Medium,,1,,30-05-2023,,0
Axis Bank,Natasha Campbell,XXXX1580,Car,90400.58,18-04-2025,Medium,1,,,06-02-2025,390215.72,7222.42
SBI,Kevin Flowers,XXXX1556,Car,55839.54,09-02-2025,Low,1,,,05-09-2025,219199.22,3326.3
HDFC Bank,Colleen Cabrera,XXXX6362,Car,286813.2,02-11-2023,Medium,,1,,20-06-2023,203106.47,353.99
Kotak Mahindra,Rebecca Stewart,XXXX5205,Car,83799.14,13-02-2024,High,1,,,10-04-2024,,0
HDFC Bank,Nicholas Rodriguez,XXXX2205,Car,80201.17,21-08-2023,High,,,1,20-09-2023,258052.54,10906.74
SBI,Barbara Wells,XXXX1394,House,63719.17,03-01-2025,High,,1,,17-05-2025,162635.94,1886.59
SBI,Melissa Cohen,XXXX6478,Car,315891.45,29-06-2025,High,1,,,23-04-2025,401014.57,28603.3
ICICI Bank,Beverly Torres,XXXX3117,Car,92970.9,21-03-2025,Medium,,1,,30-01-2025,428369.54,42121.64
Kotak Mahindra,Laura Ryan,XXXX8297,Car,372210.77,27-05-2024,High,,1,,29-04-2024,370997.25,13940.54
Kotak Mahindra,Elizabeth Brooks,XXXX2923,House,362368.85,14-10-2023,Medium,1,,,14-10-2023,386572.84,22822.47
HDFC Bank,Tammy Nelson,XXXX5032,House,486108.95,02-05-2025,Medium,1,,,16-02-2025,325946.15,23976.41
SBI,Kenneth Jones,XXXX5992,House,475786.14,14-03-2025,Low,,1,,14-12-2025,173190.99,9375.71
Axis Bank,Mrs. Vanessa Jordan MD,XXXX8157,Car,84605.15,11-01-2024,High,1,,,09-01-2024,102393.17,11296.34
Axis Bank,Kyle Carpenter,XXXX2156,House,362931.89,31-07-2025,Low,,,1,05-07-2025,485427.59,13317.42
SBI,Joanna Wright,XXXX4481,Car,298006.1,18-09-2024,Low,,1,,24-01-2024,344192.64,22752.09
Kotak Mahindra,Sean Pineda,XXXX8732,House,446581.95,14-11-2023,Low,1,,,13-07-2023,301363.72,6287.85
HDFC Bank,Samantha Rasmussen,XXXX8618,Car,97398.35,19-06-2024,Low,1,,,31-05-2024,,0
HDFC Bank,Jacob Salas,XXXX2306,Car,344465.18,10-12-2023,Medium,,1,,07-08-2023,,0
ICICI Bank,Tammy Sanchez,XXXX4498,Car,338727.29,25-08-2023,High,,,1,06-06-2023,194092.24,13607.52
Kotak Mahindra,David Warren,XXXX7199,House,234670.42,06-05-2024,Low,1,,,16-08-2024,340679.75,32606.31
SBI,Travis Schultz,XXXX5091,House,54023.68,03-03-2025,High,1,,,25-08-2025,276462.46,4520.02
SBI,Michael Webster,XXXX7566,House,159651.68,14-04-2025,Low,1,,,28-10-2025,297380.24,30306.53
ICICI Bank,Heather Golden,XXXX5209,Car,358004.68,28-01-2025,High,,1,,16-07-2025,459748.27,16275.49
HDFC Bank,Lisa Wilson,XXXX3135,House,437080.59,11-04-2024,High,,1,,08-06-2024,104891.56,8005.78
ICICI Bank,Kyle Woodard,XXXX9523,Car,229188.95,11-02-2025,Medium,1,,,13-08-2025,359751.95,32981.8
Kotak Mahindra,Ryan Ellis,XXXX2679,House,273955.52,17-09-2024,Low,1,,,27-09-2024,315258.87,17492.51
HDFC Bank,Adrian Perez MD,XXXX8355,Car,224781.1,22-07-2024,Medium,1,,,12-07-2024,69271.52,6970.13
Axis Bank,Cynthia Larson,XXXX8267,House,173865,19-08-2023,High,1,,,17-07-2023,452086.04,30518.42
Kotak Mahindra,Karen Walker,XXXX5832,Car,237549.53,27-12-2024,Low,1,,,15-12-2024,118723.09,1643.24
Kotak Mahindra,Jason Bell,XXXX5189,Car,88198.5,21-08-2024,Medium,1,,,15-06-2024,144688.49,12696.03
Kotak Mahindra,Alyssa Medina,XXXX6834,Car,474012.79,22-11-2023,High,,1,,19-08-2023,,0
Axis Bank,Andrew Davis,XXXX8845,House,64540.54,11-02-2024,Medium,1,,,30-10-2024,70311.29,5228.28
SBI,Jacob Martinez,XXXX9803,House,372270.5,18-07-2025,Low,1,,,11-02-2025,219009.32,4270.79
Axis Bank,Alyssa Ramos,XXXX8954,House,155553.4,20-07-2025,Medium,,1,,28-07-2025,215805.03,8935.16
HDFC Bank,Ann Baker,XXXX7408,House,100435.88,25-03-2025,High,,1,,28-01-2025,,0
ICICI Bank,Natasha Wilson,XXXX5169,Car,286862.55,04-04-2024,High,1,,,10-02-2024,257660.75,2233.24
ICICI Bank,Tyrone Wagner,XXXX1729,House,213797.78,16-09-2024,High,1,,,18-02-2024,215526.6,10302.12
SBI,Erika Ford,XXXX6381,House,325468.14,04-10-2023,Medium,1,,,31-03-2023,305459.68,26967.47
Kotak Mahindra,Lauren Owens,XXXX3971,Car,335051.69,07-06-2025,High,1,,,15-11-2025,371799.61,37336.35
SBI,Cheryl Brown,XXXX3861,House,143132.22,17-01-2025,Medium,,1,,09-05-2025,99756.24,6387.47
HDFC Bank,Jose Fowler,XXXX4210,House,418711.15,12-01-2024,High,,1,,03-11-2024,477711.37,19301.28
SBI,Kimberly Reeves,XXXX4059,House,451594.31,18-08-2023,High,1,,,14-11-2023,283043.71,24228.11
Kotak Mahindra,Heather Ramirez,XXXX4937,Car,313262.14,18-05-2024,Medium,,1,,29-08-2024,422390.37,40516
Kotak Mahindra,Rebecca Evans,XXXX2588,House,482671.97,02-03-2024,Low,,1,,02-06-2024,418770.41,10246.91
Axis Bank,Curtis Miller,XXXX8189,House,473389.91,13-05-2024,Low,1,,,15-07-2024,127584.97,11798.96
ICICI Bank,Natasha Morales,XXXX2887,Car,108484.34,22-05-2024,Low,1,,,16-09-2024,216442.08,20159.65
SBI,Cynthia Holland,XXXX4541,Car,292047.69,24-03-2024,High,,,1,26-11-2024,358167.73,36449.95
SBI,Amy Bennett,XXXX7907,House,242788.72,26-01-2025,High,1,,,28-03-2025,294867.99,5020.88
HDFC Bank,Jenna Henderson,XXXX3826,House,235298.7,30-08-2024,Low,,1,,26-04-2024,99252.45,9201.61
Axis Bank,Christopher Allen,XXXX7251,Car,98678.27,26-09-2023,Low,1,,,06-06-2023,405921.23,39489.62
Axis Bank,Thomas Crawford,XXXX7153,House,408961.9,19-06-2024,Medium,1,,,09-12-2024,247113.07,11042
Kotak Mahindra,Justin Lee,XXXX9251,Car,358238.66,02-06-2024,Low,,,1,04-07-2024,314732.14,24169.4
SBI,Shelia Ramirez,XXXX9611,House,436876.94,28-03-2024,Low,,1,,21-03-2024,384663.73,3515.58
Kotak Mahindra,Mary Brown,XXXX4703,House,262802.13,04-02-2024,Low,1,,,16-06-2024,453254.51,45799.94
ICICI Bank,Mr. Bradley Oneill,XXXX5917,House,148627.94,11-01-2024,Low,,1,,19-01-2024,,0
SBI,Maureen Davis,XXXX1178,Car,465967.47,02-11-2024,Medium,1,,,13-06-2024,,0
ICICI Bank,Sabrina Malone,XXXX2934,House,426012.39,21-05-2024,Medium,,1,,22-01-2024,,0
ICICI Bank,Tiffany Oneill,XXXX6358,House,357728.83,11-06-2025,Low,,,1,12-03-2025,46986.02,4350.61
SBI,Gregory Cortez,XXXX1490,House,319166.58,17-09-2023,Medium,1,,,17-08-2023,344684.02,475.9
Axis Bank,Ashley Moreno,XXXX4633,House,90648.9,09-07-2025,High,1,,,17-12-2025,112649.46,4702.96
SBI,Kevin Ballard,XXXX2142,Car,204177.26,14-02-2024,Low,1,,,01-05-2024,149500.74,4051.33
Axis Bank,Amanda Salazar,XXXX9425,Car,113217.53,03-06-2024,Low,,1,,29-11-2024,282930.07,24804.57
SBI,Jennifer Johnson,XXXX9387,House,286398.42,09-03-2024,Medium,,1,,04-02-2024,278875.2,19203.86
Kotak Mahindra,Laura Pierce MD,XXXX6871,House,432016.39,30-04-2025,High,,,1,25-11-2025,237249.45,15501.51
Kotak Mahindra,Christopher Williams,XXXX5533,Car,222121.9,11-09-2023,High,,1,,22-06-2023,,0
Axis Bank,Alejandro Terry,XXXX9386,Car,278985.71,01-10-2023,Medium,,1,,22-12-2023,479933.84,8694.21
Kotak Mahindra,Austin Rice,XXXX8284,House,295917.37,25-09-2023,High,,1,,12-08-2023,213229.75,1149.35
HDFC Bank,Bill Ray,XXXX5920,Car,57201.52,22-06-2025,Medium,1,,,03-01-2025,52081.55,2875.99
Axis Bank,Jennifer Gomez,XXXX4226,Car,305245.86,03-01-2025,Medium,1,,,28-07-2025,106128.82,3203.2
Axis Bank,Rebecca Green,XXXX2927,Car,357348.64,16-01-2025,Low,1,,,26-06-2025,188683.76,18096.2
SBI,Mia Perez,XXXX2903,Car,426008.76,31-05-2024,High,1,,,21-03-2024,55684.31,696.86
Kotak Mahindra,Charlene Anthony,XXXX3074,House,176990.42,10-05-2025,Low,,1,,12-09-2025,230794.04,8527.43
SBI,Alexandra Meza,XXXX9390,House,349530.97,05-04-2025,High,1,,,30-04-2025,122134.27,7154.8
Kotak Mahindra,James Shah,XXXX3303,Car,408134.32,27-11-2023,Medium,,1,,11-04-2023,137159.92,2944.7
HDFC Bank,Jeremy Calderon,XXXX5828,Car,472227.93,02-06-2025,Medium,1,,,10-09-2025,98656.02,7629.85
Axis Bank,Michelle Acevedo,XXXX3841,Car,257793.02,08-09-2023,High,,1,,12-10-2023,102587.12,6075.4
SBI,Allison Perkins,XXXX3842,Car,340857.39,18-11-2023,High,1,,,21-11-2023,94126.92,4282.17
HDFC Bank,Kathryn Harrison,XXXX3349,House,162293.97,08-12-2023,High,1,,,01-12-2023,,0
HDFC Bank,Ryan Simmons PhD,XXXX8783,Car,311298.19,16-12-2024,High,,,1,08-03-2024,176428.6,14544.79
Axis Bank,Zachary Jordan,XXXX5279,Car,349081.13,14-03-2024,Medium,,1,,13-08-2024,,0
Kotak Mahindra,Stephanie Ford,XXXX9042,Car,283223.19,11-11-2023,High,1,,,01-07-2023,444230.75,45916.33
HDFC Bank,Dr. Bill Farmer MD,XXXX1574,Car,59290.53,10-03-2024,High,,1,,13-02-2024,270309.41,8652.57
HDFC Bank,Bailey Smith,XXXX3111,House,240061.98,13-04-2025,High,1,,,07-02-2025,,0
Axis Bank,Troy Brady,XXXX5398,House,460816.7,24-02-2025,Medium,,1,,04-08-2025,168365.84,7551.65
Kotak Mahindra,David Anderson,XXXX8820,House,278063.87,20-06-2024,Medium,1,,,18-01-2024,200463.81,15921.35
Axis Bank,Brian Parsons,XXXX1904,House,308813.54,29-08-2023,Low,1,,,30-08-2023,473937.82,23686.97
ICICI Bank,Rachel Hughes,XXXX2870,Car,378475.02,29-12-2023,Low,,1,,27-05-2023,401175.83,39976.35
ICICI Bank,Dawn Rose,XXXX5642,House,277061.62,13-04-2024,Medium,,,1,18-11-2024,468277.13,6551.08
HDFC Bank,Danielle Miller,XXXX7085,House,383170.93,24-04-2025,Low,,1,,18-01-2025,,0
HDFC Bank,Nicole Jones,XXXX2348,House,249793.44,05-11-2023,Medium,,1,,26-07-2023,,0
SBI,Timothy Wilson,XXXX8271,Car,155786.31,14-03-2025,Low,,1,,06-01-2025,97266.03,8272.7
HDFC Bank,Kristine Robertson,XXXX2633,House,449072.95,04-07-2025,High,1,,,24-12-2025,,0
HDFC Bank,Sarah Wilson,XXXX9764,House,67357.02,28-04-2025,Medium,,1,,01-11-2025,424084.04,16277.3
Kotak Mahindra,Christine Harding,XXXX4353,Car,153160.84,11-01-2025,Medium,1,,,30-01-2025,,0
Axis Bank,Katherine Deleon,XXXX6554,Car,83190.87,03-02-2024,High,,1,,18-11-2024,,0
Axis Bank,Alexander Scott,XXXX3543,House,333963.74,01-11-2024,Low,1,,,03-05-2024,,0
ICICI Bank,Deborah Tucker,XXXX5267,House,109035.19,03-11-2024,High,1,,,15-02-2024,81777.21,8456.76
SBI,Jennifer Graham MD,XXXX9826,House,236386.28,26-04-2024,Medium,1,,,09-08-2024,237287.96,22788.69
HDFC Bank,Donna Hickman,XXXX1389,Car,103142.94,24-08-2024,Medium,,,1,21-11-2024,170279.98,5139.34
ICICI Bank,Tara Archer DDS,XXXX5982,House,59378.92,13-12-2024,Medium,,1,,11-06-2024,117566.1,694.63
SBI,Tanner Martin,XXXX4061,Car,177993.55,26-05-2025,Medium,1,,,19-02-2025,300839.33,2476.09
Kotak Mahindra,Joshua Wilkinson,XXXX9085,House,156504.61,25-10-2024,High,,1,,21-12-2024,,0
HDFC Bank,Shelly Greene,XXXX8683,House,172878.24,30-10-2023,Medium,1,,,10-10-2023,,0
Axis Bank,Sarah Padilla,XXXX1068,House,472088.38,28-11-2023,Medium,,1,,23-12-2023,,0
Kotak Mahindra,Stephen Guerrero,XXXX3012,House,273731.74,04-11-2024,Medium,1,,,24-11-2024,459516.29,27220.68
Kotak Mahindra,Edward Dillon,XXXX2106,Car,316824.54,22-10-2024,Low,,1,,23-02-2024,233166.36,4895.72
SBI,Jessica James,XXXX2126,House,285905.35,27-08-2023,High,1,,,18-02-2023,51405.33,4060.1
HDFC Bank,Richard Scott,XXXX3484,House,53516.88,02-01-2025,High,,1,,31-03-2025,,0
Axis Bank,Virginia Gray,XXXX7076,House,328739.03,25-01-2024,Medium,,1,,04-03-2024,,0
HDFC Bank,Stacey Warner,XXXX7579,Car,76566.51,12-10-2023,Low,,1,,27-10-2023,191000.67,7722.82
Kotak Mahindra,Paul Clark,XXXX4543,House,300318.02,04-09-2024,Medium,1,,,14-03-2024,331660.18,25532.86
SBI,Angela Jenkins,XXXX4928,Car,399956.86,06-01-2025,High,1,,,12-04-2025,76294.29,974.89
HDFC Bank,Sue Garcia,XXXX9255,Car,495058.75,16-01-2024,Low,1,,,06-01-2024,287650.04,13890.5
SBI,Aaron Krueger,XXXX1408,Car,384016.04,15-03-2024,High,,1,,25-06-2024,61802,6492.39
Axis Bank,Lawrence Travis,XXXX2924,Car,231911.45,24-10-2024,Low,,1,,15-06-2024,434436.8,19815.79
HDFC Bank,Donna Barnes,XXXX4462,House,230738.74,10-08-2024,Low,,,1,04-03-2024,162277.91,12169.64
SBI,Leon Padilla,XXXX2627,House,213901.57,23-04-2025,Medium,,1,,07-01-2025,250104.89,20122.38
ICICI Bank,Brian Sullivan,XXXX1373,Car,110970.46,06-02-2024,Low,1,,,01-08-2024,190272.68,10920.08
ICICI Bank,Heather Ray,XXXX2998,Car,202588.17,28-09-2023,Medium,,,1,02-01-2023,108430.08,11383.1
Kotak Mahindra,Karen Valencia,XXXX5403,Car,128866.12,01-07-2025,High,,,1,29-03-2025,,0
ICICI Bank,Colin Williams,XXXX6014,Car,161285.46,22-07-2024,Medium,,,1,14-10-2024,,0
HDFC Bank,Melissa Mcconnell,XXXX2790,House,102748.43,26-03-2024,Low,1,,,23-04-2024,240736.07,4989.34
Kotak Mahindra,Christine Myers,XXXX5865,House,491394.22,30-11-2024,High,1,,,05-12-2024,458716.77,33893.01
Axis Bank,Jessica Frye,XXXX4487,House,385491.59,17-03-2025,Medium,,1,,31-07-2025,370206.42,24810.81
HDFC Bank,Michael Reyes,XXXX5395,Car,430687.53,29-11-2023,Low,,1,,10-07-2023,430350.04,18121.84
ICICI Bank,Jimmy Salazar,XXXX8817,Car,249069.07,06-10-2023,High,,1,,16-12-2023,334363.38,32456.44
Axis Bank,Shawn Lawson,XXXX1614,Car,200524.48,09-12-2024,Medium,1,,,12-10-2024,228152.77,849.22
Kotak Mahindra,Richard Drake,XXXX9136,Car,95053.93,07-09-2024,Low,,,1,26-11-2024,49696.62,5374.92
Axis Bank,Amy Williams,XXXX2372,House,293550.05,10-02-2024,Medium,1,,,25-08-2024,401696.63,8313.08
HDFC Bank,Joseph Cervantes,XXXX6684,Car,263258.99,25-03-2025,Medium,,1,,27-04-2025,85709.73,2590.07
ICICI Bank,Darin Barnes,XXXX7590,Car,285964.07,27-11-2024,High,,1,,10-12-2024,,0
HDFC Bank,Michael Schmidt,XXXX5296,House,220643,17-05-2025,High,,1,,13-07-2025,375318.24,39186.54
SBI,Ryan Stewart,XXXX1699,House,260352.96,03-08-2024,Low,1,,,15-01-2024,407033.57,1070.25
Kotak Mahindra,Scott Webster,XXXX5242,House,97565.01,07-05-2024,Low,,1,,10-05-2024,245862.75,5575.89
SBI,Edward Bell,XXXX7052,Car,62156.56,31-12-2023,Low,1,,,01-04-2023,180676,6214.01
HDFC Bank,Kyle Aguilar,XXXX7077,Car,211842.59,16-12-2024,Medium,,1,,29-10-2024,103260.96,10151.81
ICICI Bank,Melody Heath,XXXX9372,Car,444247.22,21-08-2024,Medium,1,,,20-05-2024,136822.16,11645.54
Axis Bank,Todd Cross,XXXX5480,House,118853.97,24-03-2025,Medium,1,,,26-08-2025,458863.68,18365.57
Axis Bank,Christopher Ruiz,XXXX6431,House,355503.96,25-08-2023,High,1,,,13-06-2023,375347.47,3234.33
HDFC Bank,Joseph Johnson,XXXX9457,House,120607.24,12-07-2024,Low,,,1,23-11-2024,228818.09,20109.6
HDFC Bank,Amber Wilson,XXXX8115,House,330076.21,09-12-2024,Medium,,1,,30-04-2024,,0
Kotak Mahindra,Brandi Romero,XXXX6056,House,207007.25,31-05-2024,Low,,1,,17-05-2024,82177,1943.84
ICICI Bank,Wesley Jackson,XXXX2304,House,108118.9,25-12-2023,High,,1,,22-01-2023,,0
Kotak Mahindra,Audrey Jordan,XXXX8679,Car,318637.6,19-03-2025,High,,1,,18-10-2025,309165.82,14187.76
ICICI Bank,Tristan Jarvis,XXXX1062,House,445306.46,21-08-2024,Low,,1,,07-12-2024,52216.65,4959.88
ICICI Bank,Nicole Johnson,XXXX1549,House,88600.52,21-12-2024,Low,1,,,20-08-2024,,0
SBI,Patrick Perkins,XXXX3687,Car,210734.15,01-09-2023,Low,1,,,17-09-2023,180271.11,2186.33
SBI,Steven Moore,XXXX5440,Car,111661.6,02-08-2025,Low,,1,,10-10-2025,105953.43,11120.48
HDFC Bank,Erik Fritz,XXXX7007,Car,483266.88,02-05-2024,High,,1,,20-05-2024,350705.9,14954.66
SBI,Lindsay Norris,XXXX3973,Car,145340.23,25-05-2024,High,1,,,25-08-2024,289934.34,22720.16
SBI,Jessica Hendrix,XXXX2279,Car,174980.6,15-12-2024,Medium,,1,,19-03-2024,408509.33,44875.39
SBI,Ronald Nguyen,XXXX9169,House,65874.96,20-03-2024,Medium,1,,,22-06-2024,49080.04,3497.32
Kotak Mahindra,Sharon Young,XXXX9181,House,168849.81,07-11-2023,Low,,1,,20-07-2023,219724.64,2943.62
SBI,Catherine Miles,XXXX1605,Car,351767.9,19-02-2024,Low,,1,,22-09-2024,121562.01,5164.97
ICICI Bank,Stephanie Collins,XXXX9384,House,59732.3,07-12-2023,High,,1,,18-12-2023,337499.56,4263.37
Axis Bank,Randall Gibson,XXXX2749,House,435507.37,28-04-2025,High,1,,,22-02-2025,250659.63,5505.44
Kotak Mahindra,Michael Mack,XXXX6740,Car,214758.68,11-03-2025,High,1,,,19-10-2025,281637.72,1743.77
Axis Bank,Kristina Romero,XXXX2925,House,117832.26,22-01-2025,Medium,1,,,24-08-2025,201518.74,599.67
SBI,Rodney Perez,XXXX6703,House,119257.51,19-07-2025,High,,1,,27-07-2025,245476.3,17213
SBI,Kevin Jones,XXXX9193,Car,50258.91,10-08-2024,Low,1,,,06-07-2024,206134.86,14018.3
SBI,Scott Cantu,XXXX6199,House,246176.82,27-08-2024,High,,1,,02-04-2024,379318.66,4819.95
SBI,Christopher Cruz,XXXX3244,House,486825.71,28-09-2023,Medium,1,,,26-04-2023,190206.6,4564.51
SBI,Kelly Johnston,XXXX8170,Car,495253.87,11-05-2025,High,1,,,15-03-2025,282756.98,19834.76
Kotak Mahindra,Amy Brown,XXXX1176,House,185526.47,18-08-2023,Medium,,1,,21-02-2023,,0
HDFC Bank,Dillon Browning,XXXX7832,House,460824.03,22-09-2024,High,,1,,21-09-2024,79765.51,1400.91
Kotak Mahindra,Jackie Willis,XXXX2139,House,267052.21,08-05-2024,High,1,,,05-05-2024,,0
Kotak Mahindra,Brian Bolton,XXXX7616,Car,302107.52,22-11-2024,Low,1,,,17-02-2024,295217.82,22361.67
HDFC Bank,Jeremy Allen,XXXX6270,House,341781.95,04-03-2024,Medium,1,,,01-01-2024,81806.05,5642.33
ICICI Bank,Autumn Howard,XXXX9498,Car,128525.47,26-12-2024,High,1,,,18-02-2024,332883.19,26050.85
Kotak Mahindra,Steve Clark,XXXX6133,House,251898.26,26-07-2024,Medium,1,,,28-02-2024,,0
SBI,Samantha Hill,XXXX3770,Car,79389.25,19-03-2025,Medium,1,,,07-10-2025,50781.15,3292.14
SBI,Matthew Robinson,XXXX8943,Car,458165.95,30-01-2024,Low,1,,,04-12-2024,59104.98,5770.4
Axis Bank,Roger Smith,XXXX8218,House,463696.95,13-12-2023,Low,,1,,29-10-2023,253445.19,3421.58
HDFC Bank,Erin Anderson,XXXX7135,Car,99205.31,06-04-2025,Medium,1,,,23-01-2025,342606.31,3225.55
ICICI Bank,Jason Floyd,XXXX4431,Car,192669.85,09-05-2024,High,1,,,09-04-2024,148023.49,4706.41
SBI,Karen Hill,XXXX5810,Car,179888.07,15-04-2025,High,1,,,26-05-2025,289095.7,2206.21
Axis Bank,Kristy Sweeney,XXXX1436,House,342563.69,18-06-2024,Medium,,1,,21-02-2024,467041.34,9927.16
Axis Bank,Vickie Heath,XXXX9168,House,152875.64,10-03-2024,Low,1,,,17-12-2024,,0
SBI,Mathew Martinez,XXXX9421,House,279035.86,21-07-2025,High,,1,,26-12-2025,73738.88,3037.18
SBI,James White,XXXX5324,House,407470.73,10-02-2025,Medium,1,,,19-04-2025,,0
Axis Bank,Colleen Graves,XXXX4621,Car,249158.24,06-05-2025,Low,1,,,21-07-2025,476719.63,755.52
SBI,Alexandria Vasquez,XXXX5571,Car,282564.8,24-03-2025,Low,,,1,22-11-2025,,0
Axis Bank,Samantha Wilson,XXXX3733,Car,288187.37,09-04-2025,Low,1,,,28-03-2025,160116,3962.03
SBI,Kimberly Floyd,XXXX5110,Car,188053.43,24-10-2023,Low,1,,,16-03-2023,94665.77,7162.7
Axis Bank,James Moore,XXXX2201,House,459347.45,28-09-2024,Medium,1,,,07-10-2024,322989.86,14894.16
SBI,Karen Logan MD,XXXX8091,Car,326450.32,28-11-2023,High,,,1,02-07-2023,,0
Axis Bank,Frederick Ramirez,XXXX9275,House,360148.26,22-12-2023,Medium,1,,,07-09-2023,455666.69,7608.64
SBI,Jessica Stanley,XXXX9124,House,114632.98,04-02-2024,Low,1,,,16-08-2024,146021.81,243.7
Axis Bank,Lisa Whitehead,XXXX4280,House,281726.42,27-05-2025,Medium,1,,,24-01-2025,163490.03,1578.82
Kotak Mahindra,Zachary Griffin,XXXX8349,Car,112706.09,19-11-2023,Low,1,,,10-08-2023,,0
Kotak Mahindra,Shawn Mills,XXXX7767,House,363050.85,20-04-2025,Medium,,1,,13-03-2025,,0
ICICI Bank,Natalie Stevens,XXXX5246,Car,351180.24,12-08-2024,Low,1,,,21-08-2024,126097.22,13772.78
HDFC Bank,John Young,XXXX5008,House,394426.51,21-07-2025,Low,1,,,01-01-2025,256824.34,24483.27
ICICI Bank,Robert George,XXXX1541,Car,275124.62,09-06-2024,High,,1,,30-05-2024,134985.17,2213.63
Kotak Mahindra,Kristen Gordon,XXXX7103,Car,51583.18,10-01-2025,Medium,,1,,25-02-2025,91930.49,5440.6
Axis Bank,Donald Rodriguez,XXXX1547,House,304965.78,01-06-2024,Low,1,,,30-07-2024,347855.95,21419.96
SBI,Jessica Lloyd,XXXX3716,House,397227.36,21-07-2025,Medium,1,,,24-06-2025,,0
ICICI Bank,Nicole Kennedy,XXXX6006,House,203042.67,13-07-2024,High,1,,,18-09-2024,390220.67,27727.22
SBI,Sarah Gregory,XXXX9724,Car,197206.9,13-07-2024,Medium,1,,,29-02-2024,344732.15,13247.87
HDFC Bank,Bonnie Rhodes,XXXX4786,House,263840.95,04-04-2024,High,,1,,24-01-2024,136825.85,5954.57
Kotak Mahindra,Kenneth Wilson,XXXX4862,House,473893.05,12-04-2024,High,,1,,18-11-2024,377681.81,37843.48
Kotak Mahindra,Robyn Maldonado,XXXX1328,House,52340.54,24-06-2024,Medium,,1,,01-04-2024,129969.68,6302.58
SBI,Michael Gomez,XXXX3259,Car,76311.1,29-06-2024,Low,,1,,05-01-2024,87797.53,8403.91
Kotak Mahindra,Jonathan Hayes,XXXX7508,Car,142759.46,18-06-2024,Low,,1,,22-07-2024,167510.11,3379.47
ICICI Bank,Willie Nguyen,XXXX9918,House,217685.92,24-07-2025,Low,1,,,17-04-2025,178926.75,19449.15
HDFC Bank,Elizabeth Martin,XXXX2594,House,181935.57,06-11-2023,High,,1,,17-04-2023,,0
HDFC Bank,Vincent Lopez,XXXX9496,Car,153054.04,07-10-2023,Medium,1,,,24-05-2023,309021.62,33553.3
SBI,Hailey Serrano,XXXX2826,Car,379379.13,08-05-2024,High,,1,,08-10-2024,,0
HDFC Bank,Jacqueline Morgan,XXXX4112,Car,57820.04,08-09-2023,Medium,1,,,04-05-2023,417845.99,44720.95
Kotak Mahindra,David Banks,XXXX4004,House,351851.06,29-02-2024,Medium,,1,,21-09-2024,384891.68,593.31
Axis Bank,Lisa Bradley,XXXX3406,House,310716.51,17-12-2023,High,,1,,06-05-2023,424594.94,36936.43
ICICI Bank,Anthony Davis,XXXX9969,House,456490.32,26-08-2024,Low,1,,,19-08-2024,207998.58,497.13
SBI,Jack Lee,XXXX8868,House,299100.07,15-04-2025,Medium,,,1,16-08-2025,400680.55,33315.77
Kotak Mahindra,Curtis Lawrence,XXXX7659,House,495745.55,16-03-2025,High,,1,,20-05-2025,,0
Axis Bank,Mindy Macdonald,XXXX3196,Car,193417.9,01-06-2025,Medium,,1,,12-03-2025,203182.45,2974.23
Axis Bank,Andrea Buchanan,XXXX1581,Car,338277.65,15-11-2024,High,1,,,13-01-2024,,0
SBI,Cody Wilkinson,XXXX3039,House,131687.93,31-05-2025,High,1,,,06-06-2025,,0
ICICI Bank,Erik Rivera,XXXX2941,House,94836.42,13-01-2024,Medium,,1,,07-10-2024,162651.49,14932.12
SBI,Kelly Wheeler,XXXX6313,Car,469088.74,08-06-2025,Low,,1,,24-09-2025,,0
Kotak Mahindra,Peter Walsh,XXXX8169,Car,270805.61,12-03-2024,High,,1,,02-11-2024,,0
SBI,Christina Anderson,XXXX7662,House,236388.27,01-11-2024,Low,,1,,26-02-2024,,0
Axis Bank,Patrick White,XXXX4606,House,417395.29,27-01-2025,Low,,,1,24-08-2025,338645,21798.79
HDFC Bank,Mrs. Kara Kennedy,XXXX7848,Car,163566.85,13-12-2023,Low,,1,,21-01-2023,209439.57,9032.24
Kotak Mahindra,Katherine Perez,XXXX7609,Car,337147.47,08-04-2025,Low,,1,,10-12-2025,,0
SBI,Brianna Gaines,XXXX5767,Car,74483.66,13-12-2024,Low,,1,,28-04-2024,461746.78,14281.57
ICICI Bank,David Dawson,XXXX9892,Car,109998.54,16-03-2024,Medium,,1,,05-08-2024,203208.94,9282.1
HDFC Bank,David Morse,XXXX9875,Car,288784.76,18-02-2025,Low,1,,,26-01-2025,72264.81,6359.98
Axis Bank,Kelly Montoya,XXXX8812,Car,101224.11,29-03-2024,High,,1,,27-04-2024,187897.49,11109.81
SBI,Ashley Poole,XXXX7956,Car,77094.81,07-02-2025,High,1,,,14-10-2025,,0
ICICI Bank,Dr. Devin Lester PhD,XXXX6857,Car,109902.93,07-06-2024,High,1,,,27-07-2024,146636.56,10926
Axis Bank,Jeffrey Mccoy,XXXX5226,House,326908.7,10-03-2025,Low,1,,,26-10-2025,227781.47,6163.99
HDFC Bank,Marvin Williams,XXXX1581,House,170430.71,03-05-2024,Low,1,,,04-09-2024,83646,7505.02
HDFC Bank,Christopher Carpenter,XXXX6551,House,377735.5,02-10-2023,High,1,,,23-09-2023,306198.17,31535.16
ICICI Bank,Angel Miller,XXXX1178,Car,266136.21,09-03-2024,Low,,1,,27-12-2024,97003.5,8950.86
ICICI Bank,Kristin Peterson,XXXX3123,Car,74107.61,17-04-2025,Low,1,,,20-07-2025,127906.68,2394.8
Kotak Mahindra,William Gilbert,XXXX3632,House,247542.23,02-08-2024,Low,1,,,25-03-2024,304359.65,12820.13
Axis Bank,Breanna Robinson,XXXX7682,House,389893.7,18-04-2025,High,,,1,09-02-2025,245531.58,16150.3
HDFC Bank,Michael Flores,XXXX1460,Car,268538.87,10-07-2025,High,,1,,22-01-2025,246354.92,9576.27
HDFC Bank,Angela Smith,XXXX7922,House,461889.73,17-10-2024,High,1,,,08-11-2024,171254.02,1121.47
Axis Bank,Matthew Tapia,XXXX4088,Car,88297.62,17-05-2024,Low,1,,,08-11-2024,393664.77,2594.19
SBI,Pamela Cross,XXXX9618,Car,53040.92,08-05-2024,Low,1,,,02-09-2024,222044.49,10773.62
HDFC Bank,Justin Soto,XXXX4324,House,321232.21,05-08-2025,Medium,,1,,26-06-2025,129328.47,22.81
Axis Bank,Robert Hanson,XXXX4952,House,260880.19,10-08-2023,Low,,1,,17-09-2023,396717.68,40669.15
Axis Bank,Kenneth Martin,XXXX4240,House,188820.11,04-11-2023,High,1,,,06-09-2023,368547.08,37505.38
SBI,Ashley Moses,XXXX9165,House,478241.22,18-02-2024,High,,1,,08-02-2024,108353.14,5360.27
HDFC Bank,Deborah Jensen,XXXX7084,Car,113287.62,03-01-2025,High,,1,,03-12-2025,250247.24,3155.43
ICICI Bank,Mandy Jenkins,XXXX8260,Car,286947.43,04-04-2025,Low,,1,,01-04-2025,,0
SBI,Courtney Walters,XXXX7798,House,287122.27,25-11-2023,Low,,1,,12-07-2023,,0
HDFC Bank,Tracy Gordon,XXXX1226,Car,470529.47,22-02-2025,Low,1,,,13-08-2025,147324.03,13409.9
HDFC Bank,Abigail Boone,XXXX2783,House,472681.91,03-10-2023,Medium,,1,,09-12-2023,,0
Axis Bank,Brenda Morgan,XXXX2705,Car,473360.65,06-04-2025,Medium,1,,,20-06-2025,90357.61,9677.9
Kotak Mahindra,Cathy Lane,XXXX8757,Car,387574.31,18-03-2025,High,,1,,29-08-2025,402220.12,180.58
HDFC Bank,Sara Villanueva,XXXX8320,House,400883.47,23-11-2023,High,,1,,30-08-2023,171530.01,14440.77
Kotak Mahindra,Krista Wilson,XXXX4730,Car,286457.82,08-12-2024,High,,,1,04-05-2024,,0
SBI,Matthew Potter,XXXX1960,House,290878.86,05-10-2023,Medium,1,,,12-10-2023,95034.81,5350.23
Axis Bank,Samantha Caldwell,XXXX5880,House,91698.36,05-03-2024,High,1,,,11-04-2024,235328.71,19325.75
ICICI Bank,Juan Williams,XXXX3938,Car,82897.26,16-05-2024,Low,,1,,22-04-2024,457266.05,30563.22
Axis Bank,Danielle Crawford,XXXX8985,Car,109929.43,05-04-2024,Medium,1,,,10-01-2024,,0
Kotak Mahindra,Monica Ferguson,XXXX4784,Car,308185.47,11-10-2023,High,1,,,31-08-2023,93061.73,1607.49
Axis Bank,Sara Hill,XXXX7129,House,287803.6,20-01-2024,High,1,,,11-11-2024,104770.07,2960.32
Kotak Mahindra,Ronnie Burns,XXXX7958,House,136330.22,28-11-2023,Medium,1,,,18-01-2023,,0
Axis Bank,Denise Carroll,XXXX8221,House,405548.05,11-12-2023,Low,,1,,11-11-2023,,0
Kotak Mahindra,John White,XXXX2866,Car,464849.07,29-04-2025,Low,1,,,24-01-2025,95427.6,7069.16
ICICI Bank,Cheyenne Matthews,XXXX9650,House,192202.1,19-10-2024,Medium,1,,,23-02-2024,227324.22,2137.68
Kotak Mahindra,Joel Serrano,XXXX3993,Car,420707.3,08-08-2023,Low,,,1,16-10-2023,,0
Kotak Mahindra,Desiree Bennett,XXXX3642,Car,356195.98,19-06-2024,Medium,1,,,24-12-2024,466379.21,10939.86
HDFC Bank,William Horton,XXXX2306,House,272373.41,06-02-2024,Medium,,,1,29-03-2024,,0
ICICI Bank,Kayla Moreno,XXXX9012,House,498625.17,24-03-2025,High,,1,,13-10-2025,234814.33,6773.24
ICICI Bank,Bradley Perry,XXXX7079,House,429080.92,02-11-2024,High,,1,,14-09-2024,64386.83,5385.14
Kotak Mahindra,Derrick Zimmerman,XXXX2098,Car,290040.89,16-06-2024,Medium,1,,,28-05-2024,444522.02,21453.74
Axis Bank,Mr. Andrew Ruiz MD,XXXX5104,Car,401433.6,01-01-2025,Medium,1,,,20-06-2025,,0
HDFC Bank,Trevor Hicks,XXXX8378,House,452513.56,23-12-2024,High,1,,,12-08-2024,112871.1,9174.73
ICICI Bank,Courtney Spencer,XXXX4332,House,248230.86,17-11-2024,High,1,,,08-06-2024,82103.63,6008.82
HDFC Bank,Kathleen Gonzalez,XXXX7369,Car,217065.74,05-11-2023,Medium,1,,,06-06-2023,370819.32,9540.76
HDFC Bank,Brandi Jones,XXXX1998,House,422713.32,19-05-2024,Medium,1,,,02-02-2024,,0
ICICI Bank,Danielle Contreras,XXXX4178,House,114778.64,12-01-2024,High,1,,,22-11-2024,330599.35,29281.92
HDFC Bank,Gregory Hoffman,XXXX7964,Car,290481.28,14-06-2024,High,1,,,05-06-2024,390607.78,12085.5
Axis Bank,Katrina Fischer,XXXX4824,Car,461135.72,28-09-2024,Medium,1,,,15-07-2024,,0
Axis Bank,Ann Perry,XXXX9451,House,106720.49,01-07-2025,Medium,1,,,03-09-2025,,0
Kotak Mahindra,Erin Williams,XXXX1705,House,77043.86,02-04-2025,High,,1,,04-08-2025,,0
HDFC Bank,Gary Anderson,XXXX8472,Car,160828.98,02-02-2025,High,1,,,29-03-2025,,0
HDFC Bank,David Hall,XXXX2187,Car,214450.49,31-10-2023,Medium,,1,,01-05-2023,373344.98,36756.98
ICICI Bank,Robert Tucker,XXXX6596,Car,219936.14,16-04-2024,High,,1,,01-09-2024,191510.26,1520.31
Kotak Mahindra,Ethan Barton Jr.,XXXX2162,Car,377087.58,19-02-2025,High,,1,,12-12-2025,66261.24,1596.58
Kotak Mahindra,Sherry White,XXXX7837,Car,259711.84,14-02-2025,Low,1,,,05-12-2025,470186.61,17067.47
SBI,Traci Wilson,XXXX1006,Car,194300.83,01-12-2024,Low,,1,,10-06-2024,307985.12,31948.72
SBI,Melissa Oconnor,XXXX8885,Car,93086.2,12-09-2024,Low,,,1,14-06-2024,49754.05,338.82
Kotak Mahindra,Kristin Rangel,XXXX2489,Car,367736.02,17-09-2023,High,1,,,16-03-2023,464911,2336.65
Axis Bank,Stanley Wilson,XXXX4464,Car,177506.8,08-08-2024,Medium,1,,,20-03-2024,103481.92,8208.71
Kotak Mahindra,Edward Stephens,XXXX3758,House,351764.1,06-07-2024,High,1,,,27-11-2024,46368.09,4382.03
HDFC Bank,Stacy Garner,XXXX9615,Car,463831.72,13-04-2024,Low,,,1,20-11-2024,129190.32,9936.86
ICICI Bank,Maria Ward,XXXX4207,House,417156.22,29-05-2024,High,1,,,27-08-2024,98377.57,9780.95
Kotak Mahindra,Carl Williams,XXXX9219,House,331763.38,11-12-2023,Low,,1,,18-11-2023,80005.21,5231.02
Axis Bank,Angela Wells,XXXX2162,House,368387.03,10-11-2024,Medium,,1,,11-11-2024,241645.5,20608.64
Axis Bank,Todd White,XXXX6346,House,85275.03,30-12-2024,Low,1,,,16-10-2024,,0
Kotak Mahindra,William Cummings,XXXX5925,House,386404.77,16-10-2023,Medium,,1,,04-07-2023,,0
Axis Bank,Laurie Pruitt,XXXX1720,House,227838.39,09-03-2025,Low,1,,,30-11-2025,,0
ICICI Bank,Miguel Johnson,XXXX6193,House,136310.11,05-08-2024,Low,,1,,09-01-2024,342853.05,9472.14
Kotak Mahindra,Kimberly Lopez,XXXX7830,House,321010.98,21-12-2023,Medium,,1,,23-02-2023,221407.5,15780.53
HDFC Bank,Anthony Arnold,XXXX3451,House,64370.58,19-10-2023,High,1,,,23-02-2023,,0
HDFC Bank,Mary Boyd,XXXX5385,Car,457197.56,03-10-2024,Low,,,1,22-12-2024,,0
SBI,Anna Vincent,XXXX9817,House,405980.25,16-02-2024,Low,,1,,07-04-2024,,0
SBI,Dr. Jamie Riley,XXXX1080,House,377232.38,05-03-2024,Low,1,,,21-06-2024,302330.46,21501.39
Kotak Mahindra,Timothy Miller,XXXX7579,House,428363.77,01-06-2025,Low,,,1,30-06-2025,199982.41,6482.3
ICICI Bank,Sandra Walton,XXXX6724,House,393304.33,01-07-2024,Medium,1,,,14-11-2024,416432.19,30283.03
HDFC Bank,Tim Everett,XXXX3914,Car,149674.94,22-02-2024,High,,1,,20-03-2024,394177.98,21521.05
Axis Bank,Jacob Harris,XXXX6688,House,289291.13,11-11-2023,Medium,1,,,15-08-2023,,0
SBI,Antonio Martin,XXXX4973,House,189030.65,23-03-2025,Medium,1,,,03-10-2025,354032.73,796.43
HDFC Bank,Eric Moore,XXXX5572,Car,449595.69,05-07-2024,Medium,,1,,16-11-2024,238879.97,22471.46
HDFC Bank,Diane Donovan,XXXX6443,House,140876.23,05-03-2024,High,1,,,25-12-2024,,0
Kotak Mahindra,Karl Jackson,XXXX2919,House,137327.83,07-11-2023,Low,1,,,14-04-2023,309084.35,12073.84
SBI,Deborah Stewart,XXXX3361,House,148897.14,30-01-2025,Medium,1,,,19-02-2025,125948.53,9040.94
Axis Bank,Adam Hines,XXXX1428,House,201173.42,13-04-2025,High,,1,,29-06-2025,,0
ICICI Bank,David May,XXXX9620,Car,344029.09,02-10-2023,Medium,,1,,16-05-2023,140359.97,11834.4
Kotak Mahindra,Thomas Perkins,XXXX8873,Car,449866.16,13-01-2025,Low,,1,,03-08-2025,,0
Axis Bank,Robert Valencia,XXXX2597,House,490061.75,24-07-2025,High,1,,,19-08-2025,200827.46,5396.88
Kotak Mahindra,Patrick Ryan,XXXX7199,House,371361.82,06-11-2023,Low,,1,,16-08-2023,280389.82,31105.55
HDFC Bank,Marisa French,XXXX3942,House,470163.09,25-08-2023,Low,,1,,09-09-2023,210853.67,15069.2
Kotak Mahindra,Brenda Cervantes PhD,XXXX3480,Car,300586.04,06-07-2024,Low,,1,,28-03-2024,223942.72,12580.45
Kotak Mahindra,Patricia Ellis,XXXX3210,House,424713.08,26-02-2024,Low,,1,,08-01-2024,112320.83,9120.37
SBI,Patty Lawrence,XXXX7241,Car,437938.17,16-01-2025,High,1,,,16-09-2025,271001.79,11909.09
ICICI Bank,Anna Stevens,XXXX7556,House,311106.56,17-05-2024,Medium,1,,,11-09-2024,440421.45,32540.14
ICICI Bank,David Williams,XXXX1985,House,67863.82,12-06-2025,Low,1,,,07-02-2025,,0
HDFC Bank,Alexis Sanchez,XXXX9153,House,251009.94,14-02-2025,High,,1,,31-01-2025,,0
Axis Bank,Jessica Mills,XXXX2467,House,276546.36,16-07-2024,High,1,,,07-08-2024,245091.07,15752.79
HDFC Bank,Jean Harvey,XXXX1630,Car,207459.67,17-09-2023,High,,1,,28-06-2023,382645.69,19513.31
SBI,Laura Irwin,XXXX6118,House,442329.1,16-08-2024,High,,,1,14-12-2024,169919.06,14059.65
HDFC Bank,Melissa Smith,XXXX1309,Car,115863.99,22-03-2024,Medium,,1,,06-05-2024,65455.49,1660.98
HDFC Bank,Gina Porter,XXXX9910,Car,119203.66,05-04-2025,Low,1,,,16-12-2025,438187.89,17435.36
SBI,Kevin Schultz,XXXX5119,House,488981.92,18-07-2025,High,1,,,12-03-2025,159203.65,2293.48
SBI,Cynthia Peck,XXXX6282,House,248397.57,29-10-2024,Medium,1,,,05-07-2024,,0
HDFC Bank,Emily Sexton DVM,XXXX4232,Car,254309.45,29-02-2024,Medium,1,,,20-06-2024,437421.88,45866.85
SBI,Steven Moore,XXXX6808,Car,347564.35,01-10-2023,Low,,1,,07-09-2023,127971.2,5566.1
Kotak Mahindra,Melissa Chung,XXXX5605,Car,90592.01,13-04-2024,Medium,1,,,18-03-2024,457854.5,36836.54
Kotak Mahindra,Bethany Larson,XXXX8891,Car,355516.06,21-04-2024,Medium,,,1,18-12-2024,,0
HDFC Bank,Sandra Baker,XXXX9506,Car,475832.36,14-11-2023,Medium,1,,,23-06-2023,163480.1,12903.75
Axis Bank,Nichole Brown,XXXX4864,Car,80243.9,15-08-2023,High,1,,,06-07-2023,333528.41,32986.92
HDFC Bank,Samantha Simon,XXXX1918,House,375658.61,31-03-2025,Medium,1,,,14-09-2025,202895.9,15465.36
Kotak Mahindra,Morgan Mercado,XXXX3528,House,354519.07,08-04-2024,High,1,,,15-10-2024,,0
ICICI Bank,Joseph Vasquez,XXXX7124,House,119104.02,21-07-2024,High,1,,,08-05-2024,152858.58,13622.67
ICICI Bank,Ashley Roberts,XXXX9598,House,285450.59,02-05-2024,Low,1,,,13-07-2024,91207.01,6709.51
Kotak Mahindra,Philip Evans,XXXX2040,Car,289666.7,18-04-2024,Low,1,,,10-10-2024,167537.56,1781.25
HDFC Bank,Ashley George,XXXX6565,House,447379.34,29-05-2024,High,1,,,30-06-2024,462390.37,34308.11
Kotak Mahindra,Madison Marquez,XXXX4366,Car,355511.93,08-07-2025,Medium,,1,,04-11-2025,261193.5,5612.43
SBI,Randy Kelley,XXXX5262,Car,335722.4,05-06-2024,High,1,,,11-12-2024,88616.07,2115.94
Kotak Mahindra,Drew Martin,XXXX6257,Car,146449.55,09-10-2024,Low,1,,,08-02-2024,123442.01,13547.15
ICICI Bank,Charlotte Sanchez,XXXX7920,Car,497815.13,14-02-2025,Low,,1,,08-12-2025,344433.09,7200.12
Kotak Mahindra,Ryan Collins,XXXX7927,Car,455704.6,20-08-2024,High,,1,,14-05-2024,234156.42,17765.37
HDFC Bank,Russell Baird,XXXX7740,House,224212.8,25-08-2023,Medium,,1,,08-02-2023,98271.52,5708.81
HDFC Bank,Thomas Rose Jr.,XXXX6020,Car,440931.92,04-05-2025,Medium,1,,,02-06-2025,168337.22,14709.13
Axis Bank,Robert Morris,XXXX2226,House,462931.44,08-06-2024,Medium,1,,,16-03-2024,188219.45,10393.13
ICICI Bank,Riley Gross,XXXX2699,House,131986.88,23-01-2024,Medium,1,,,01-02-2024,,0
Kotak Mahindra,Dr. Kevin Harris,XXXX8175,Car,259962.77,10-04-2024,Low,,1,,19-03-2024,321922.38,9340.53
Kotak Mahindra,Laura Woodard,XXXX1411,House,263821.2,17-04-2025,Medium,,1,,19-04-2025,276668.83,1443.61
SBI,Michelle Levy,XXXX4317,House,367970.17,28-09-2023,Medium,,1,,01-08-2023,,0
Axis Bank,Alison Hill,XXXX6508,House,125340.26,17-03-2024,Low,1,,,14-06-2024,144917.94,5596.79
HDFC Bank,Natalie Tucker,XXXX7527,House,207866.58,04-05-2024,Medium,,1,,19-03-2024,274844.22,3963.31
Axis Bank,Donald Riley,XXXX2583,Car,375163.13,16-02-2025,Low,,1,,28-07-2025,59065.9,706.05
ICICI Bank,Victoria Martin,XXXX1686,House,219400.79,07-02-2024,Medium,,1,,25-04-2024,,0
ICICI Bank,Hunter Andrews,XXXX8902,Car,283916.44,17-07-2024,Low,,1,,13-02-2024,306912.46,21260.37
SBI,Hannah Santana MD,XXXX3623,Car,67055.39,02-11-2024,High,,,1,04-05-2024,,0
Kotak Mahindra,Kyle Hoffman,XXXX7327,House,152423.62,07-09-2023,High,1,,,24-09-2023,487061.61,1420.72
HDFC Bank,Brandi Wolfe,XXXX3767,Car,468711.67,15-11-2024,Medium,1,,,01-10-2024,,0
HDFC Bank,Tiffany Jenkins,XXXX1112,Car,231555.94,16-04-2024,Low,1,,,28-05-2024,378757.59,23581.13
Kotak Mahindra,Mariah Kelley,XXXX3092,Car,142283.67,21-01-2025,Medium,,,1,11-09-2025,246875.46,1501.26
Kotak Mahindra,Mike Fernandez,XXXX9286,House,232285.54,06-09-2023,High,1,,,05-08-2023,85741.37,2214.94
ICICI Bank,Erik Callahan,XXXX7479,Car,288209.88,30-04-2024,Medium,1,,,18-03-2024,,0
SBI,Laura Johnston,XXXX7240,Car,203822.83,04-12-2024,High,,1,,03-07-2024,51196.43,3730.85
Kotak Mahindra,Kathy Fitzpatrick,XXXX4078,Car,336065.7,29-05-2025,Low,1,,,07-06-2025,173335.31,16218.35
SBI,Katelyn Franklin,XXXX6467,House,394051.54,25-01-2025,Medium,,1,,13-08-2025,319655.59,3812.32
Axis Bank,Emily Conley,XXXX9509,House,453401.79,25-12-2024,High,1,,,09-02-2024,,0
Kotak Mahindra,Trevor Malone,XXXX6933,Car,349082.91,07-08-2023,Low,,1,,17-12-2023,,0
Kotak Mahindra,Johnny Nicholson,XXXX5719,House,347628,01-08-2025,High,1,,,20-06-2025,302478.93,24764.87
Kotak Mahindra,Mary Shaw,XXXX7391,House,384616.36,21-05-2025,Low,1,,,19-11-2025,102774.43,9935.42
HDFC Bank,Jason Ward,XXXX4403,Car,496460.28,12-12-2023,Medium,,1,,13-08-2023,292336.86,8055.49
HDFC Bank,Lisa Jensen MD,XXXX4212,Car,343739.6,08-04-2024,High,1,,,24-11-2024,133601.33,6392.27
ICICI Bank,Michelle Beck,XXXX8305,House,470200.89,01-09-2023,Low,1,,,01-03-2023,356640.51,34334.67
SBI,Laura Pace,XXXX3546,House,492661.07,10-09-2023,High,1,,,23-06-2023,268886.8,16747.97
Axis Bank,Charles Roberts,XXXX4393,House,388921.71,02-09-2024,Low,1,,,24-01-2024,414556.64,24780.22
SBI,Daniel Munoz,XXXX5263,House,327084.94,30-10-2023,Medium,1,,,01-08-2023,163349,7438.18
Axis Bank,Victoria Frey,XXXX4123,Car,54985.36,18-06-2024,Medium,,1,,06-11-2024,292325.59,23584.05
ICICI Bank,Christopher Shaw,XXXX5264,House,446704.48,24-12-2024,Medium,1,,,04-12-2024,229721.09,11206.03
SBI,Marie Fields,XXXX1389,Car,288046.13,18-07-2025,High,,1,,18-01-2025,,0
Axis Bank,Joseph Andersen,XXXX3683,Car,306293.77,25-09-2024,Medium,,1,,31-10-2024,163072.32,16835.36
HDFC Bank,Lauren Humphrey,XXXX3160,House,375240.03,18-12-2023,High,,1,,04-08-2023,261754.4,22957.08
Axis Bank,Margaret Robinson,XXXX4187,House,412180.47,21-03-2024,High,,1,,22-10-2024,129286.54,183.43
ICICI Bank,James Moore,XXXX8087,House,443984.3,05-08-2025,Low,,1,,17-07-2025,,0
SBI,Paula Carey,XXXX5026,House,326511.34,26-01-2025,High,,1,,30-03-2025,261759.45,16754.05
ICICI Bank,Sara Moore,XXXX3127,House,186472.41,13-05-2025,High,,1,,03-07-2025,304208.07,17207.33
ICICI Bank,Natalie Smith,XXXX3828,House,227915.88,03-11-2023,Medium,1,,,08-10-2023,213445.15,2634.11
Axis Bank,Martin Jennings,XXXX5427,House,133545.65,25-12-2024,Low,,1,,05-01-2024,452665.54,36032.53
SBI,Julie Johnson,XXXX1944,Car,440887.55,21-11-2023,Low,1,,,17-02-2023,,0
Kotak Mahindra,Susan York,XXXX1504,Car,205506.16,05-03-2024,High,1,,,30-10-2024,134186.04,5795.33
ICICI Bank,Franklin Jackson,XXXX4146,House,134552.57,09-03-2025,Low,,1,,19-05-2025,,0
Axis Bank,Karla Robinson,XXXX9569,House,67487.67,07-01-2024,Medium,,1,,07-08-2024,178937.75,18991.74
Kotak Mahindra,Anthony Wright,XXXX1207,House,430166.2,10-01-2025,Medium,,1,,12-01-2025,319104.22,26763.81
HDFC Bank,Peter Ramirez,XXXX3839,Car,198522.54,15-10-2023,Low,,1,,27-05-2023,182090.02,5562.6
Axis Bank,Jacqueline Wright,XXXX8124,House,150074.04,26-07-2024,Low,,1,,22-01-2024,457236.57,2061.91
SBI,Ruth Williams,XXXX4396,House,391626.7,25-12-2024,Low,,,1,05-07-2024,280435.02,13579.74
Kotak Mahindra,Aaron Bryant,XXXX9772,Car,288447.11,27-12-2024,Low,,1,,13-07-2024,124069.23,13680.18
Kotak Mahindra,Jacqueline Cox,XXXX8067,Car,145671.06,25-03-2024,Low,1,,,01-04-2024,132098.37,4618.43
Axis Bank,Samuel Ramirez,XXXX6058,House,57917.73,31-08-2023,Medium,1,,,13-12-2023,297359.11,10081.63
HDFC Bank,Jackson Gross,XXXX8396,House,261029.26,29-10-2024,Medium,,1,,17-10-2024,,0
SBI,Jessica Nelson,XXXX1450,Car,277040.65,24-07-2025,High,,1,,17-04-2025,100792.17,6177.72
ICICI Bank,Richard Lee,XXXX7626,House,357983.43,15-06-2025,Medium,1,,,03-02-2025,,0
Axis Bank,Paul Cox,XXXX2012,House,424527.1,11-06-2025,Low,1,,,13-02-2025,240255.64,14405.81
ICICI Bank,Stanley Jones,XXXX3464,Car,283173.18,02-01-2024,Low,,1,,16-02-2024,380018.64,19716.36
HDFC Bank,Theresa May MD,XXXX4542,House,202922.36,13-06-2024,High,1,,,21-12-2024,172330.56,14094.37
HDFC Bank,Kaitlyn Spencer,XXXX6217,House,267873.72,18-04-2024,Low,1,,,20-01-2024,404471.6,36125.76
HDFC Bank,Sarah Jones,XXXX9963,House,485416.6,27-11-2023,Low,1,,,18-02-2023,335649.16,9127.45
Kotak Mahindra,Leslie Lamb,XXXX3686,Car,304293.67,05-01-2025,High,1,,,18-09-2025,,0
HDFC Bank,Kenneth Tanner,XXXX4160,House,50840.09,23-02-2025,Low,1,,,14-05-2025,78298.94,6872.24
Kotak Mahindra,Randy Chavez,XXXX2288,House,172940.32,06-06-2024,High,,1,,19-01-2024,297678.01,23758.02
ICICI Bank,Sharon Johnson,XXXX7276,Car,379393.27,06-07-2024,Medium,,1,,23-08-2024,,0
SBI,Amy Smith,XXXX4417,House,477417.63,21-01-2024,High,,1,,03-12-2024,337618.34,27853.67
SBI,Tammy Weiss,XXXX8562,Car,496684.43,10-01-2025,Low,1,,,05-09-2025,,0
Axis Bank,Jon Garcia,XXXX4424,Car,122335.39,13-02-2025,Low,,1,,07-12-2025,427517.68,15169.98
SBI,Angela Jones,XXXX1737,House,133173.16,04-02-2025,Low,1,,,26-06-2025,,0
Kotak Mahindra,Sarah Odonnell,XXXX8491,House,326647.94,26-09-2024,Low,1,,,21-10-2024,319664.06,13441.5
Kotak Mahindra,Kristina Smith,XXXX6144,Car,263539.27,10-11-2024,Low,1,,,04-03-2024,454797.47,39351.68
Kotak Mahindra,Christine Cole,XXXX5104,Car,359802.22,16-05-2025,High,,1,,12-08-2025,,0
HDFC Bank,Paula Sloan,XXXX3150,House,203207.38,18-02-2025,High,,1,,10-01-2025,365467.51,3770.14
HDFC Bank,Anthony Mcfarland,XXXX7355,House,447335.12,12-05-2024,Low,,1,,07-08-2024,163371.39,5014.69
SBI,Melissa Aguirre,XXXX9687,Car,92962.72,15-02-2024,Medium,,,1,30-03-2024,352890.85,11184.74
SBI,David Smith,XXXX6559,Car,305962.88,14-08-2023,Medium,1,,,10-03-2023,198214.09,21449.67
ICICI Bank,Kimberly Cole,XXXX8707,Car,417428.39,28-11-2024,Low,,1,,01-05-2024,,0
HDFC Bank,Trevor Rodriguez,XXXX7651,House,400840.77,15-09-2024,Low,,1,,02-05-2024,,0
Axis Bank,Mario Sandoval,XXXX4937,Car,51390.16,08-02-2024,Low,,,1,04-12-2024,143654.96,15392.5
SBI,Caroline Randall,XXXX5949,House,277169.12,13-01-2025,High,,1,,19-10-2025,,0
SBI,Dr. Anthony Thornton MD,XXXX9694,Car,325298.21,20-03-2024,Low,1,,,13-09-2024,132386.71,10090.85
SBI,Jacob Gutierrez,XXXX2520,House,259645.34,26-08-2024,Low,,,1,29-11-2024,367941.85,29184.86
Axis Bank,Michele Shaffer,XXXX2095,Car,211603.75,19-05-2025,Low,1,,,09-08-2025,393439.56,25003.29
SBI,Kim Hicks,XXXX9905,House,293335,18-03-2024,Low,1,,,22-12-2024,387011.75,18970.4
ICICI Bank,Joshua Adams,XXXX6894,Car,251132.81,02-11-2023,Medium,,1,,07-01-2023,411443.46,25228.67
HDFC Bank,Lisa Mitchell,XXXX7589,Car,383958.1,03-12-2023,High,,,1,19-11-2023,395738.35,39018.9
Axis Bank,Kim Farmer,XXXX4981,House,294008.46,18-02-2024,Medium,,1,,11-02-2024,280656.49,23355.66
SBI,Joseph Wells,XXXX8697,House,111034.22,20-12-2023,Low,,1,,21-11-2023,418037.58,10485.78
Axis Bank,Samuel Galloway,XXXX5897,Car,451651.9,09-11-2023,Low,1,,,03-05-2023,419209.5,6079.34
HDFC Bank,Monica Nguyen,XXXX3494,Car,228832.34,15-01-2024,High,1,,,02-09-2024,140043.66,922.78
SBI,Andrea Conner,XXXX1730,House,460075.06,26-03-2025,High,1,,,10-11-2025,300303.62,18470.87
Kotak Mahindra,Laura Miller,XXXX4970,Car,363988.83,01-03-2024,High,,1,,13-06-2024,424461.16,7487.53
SBI,Edward Diaz,XXXX1012,Car,292369.43,22-02-2025,High,1,,,17-04-2025,221976.34,2652.95
Kotak Mahindra,Jeremy Jones,XXXX4401,House,272428.95,23-01-2025,Medium,,1,,20-08-2025,410353.59,16942.59
SBI,Todd Cook,XXXX4107,House,276749.17,30-07-2025,Low,,1,,16-08-2025,126964.99,11102.72
Axis Bank,Patrick Gould,XXXX8984,House,191256.01,22-05-2024,Medium,1,,,02-07-2024,,0
Axis Bank,Sarah Ortiz,XXXX4614,House,451308.01,21-02-2025,Low,1,,,19-02-2025,,0
SBI,Jennifer Rodriguez,XXXX6514,Car,336818.31,25-01-2025,Medium,1,,,21-04-2025,276918.72,20231.73
HDFC Bank,Christopher Johns,XXXX3106,House,421414.28,19-04-2024,High,1,,,25-06-2024,275762.39,7458.39
ICICI Bank,Jessica Morrow,XXXX5191,Car,80353.32,24-07-2025,Low,,1,,23-01-2025,,0
HDFC Bank,Jesse Thomas,XXXX7601,House,312795.83,19-09-2024,Low,,1,,19-09-2024,342292.9,26407.21
SBI,Krystal Rojas,XXXX8468,Car,429745.81,18-02-2025,High,1,,,27-08-2025,292172.27,29195
HDFC Bank,Angela Nguyen,XXXX1582,House,63438.02,04-01-2025,Medium,,1,,31-10-2025,379193.54,16494.9
HDFC Bank,Jennifer Williams,XXXX2431,Car,303187.28,03-07-2025,High,,1,,20-10-2025,247422.33,13677.95
SBI,Jessica Becker,XXXX4412,House,361236.71,13-07-2025,Medium,,1,,10-01-2025,106501.4,5344.21
SBI,Kimberly Rogers,XXXX7025,House,483879.33,08-10-2024,Medium,,1,,28-02-2024,430231.34,8278.98
Axis Bank,Jenny Sanchez,XXXX5155,House,370142.56,15-05-2025,Medium,1,,,17-06-2025,,0
HDFC Bank,Danny Butler,XXXX7505,House,50088.91,07-06-2024,Low,,1,,07-10-2024,,0
SBI,Nicole Mitchell,XXXX7943,Car,263761.32,05-09-2023,Low,,1,,22-12-2023,185020.39,12325.23
Axis Bank,Shaun Dawson,XXXX7169,House,401471.03,27-11-2023,Medium,,,1,20-08-2023,302883.74,10632.25
HDFC Bank,Joseph Wilson,XXXX7974,House,281990.84,12-06-2024,Medium,1,,,06-05-2024,204679.68,10869.4
Kotak Mahindra,Linda Johnson,XXXX8939,Car,355019.94,08-11-2023,High,1,,,18-03-2023,,0
HDFC Bank,Jason Mckay,XXXX2007,House,219224.87,01-03-2024,Medium,,,1,29-02-2024,334750.54,7956.57
SBI,Lori Moreno,XXXX7838,Car,118242.96,07-09-2024,Low,1,,,12-09-2024,,0
HDFC Bank,Jack Fisher,XXXX7266,House,352586.28,09-03-2024,Medium,,1,,14-10-2024,339296.17,6938.98
Kotak Mahindra,Anthony Poole,XXXX1340,Car,422676.97,20-04-2024,High,1,,,09-11-2024,252144.75,7836.77
HDFC Bank,Erica Wolf,XXXX3785,Car,183593.53,09-06-2025,High,,1,,28-04-2025,,0
HDFC Bank,Aaron Jones,XXXX3826,House,489879.33,19-11-2024,Low,1,,,13-08-2024,,0
Kotak Mahindra,Alejandra Campos,XXXX1112,House,147265.32,16-02-2024,High,,,1,29-03-2024,401736.99,12994.69
Axis Bank,Alan Perkins,XXXX8307,Car,298415.13,17-01-2025,Medium,,,1,20-04-2025,267945.59,14718.86
ICICI Bank,David Davis,XXXX8240,Car,467032.45,07-12-2023,Low,1,,,20-06-2023,149238.83,8046.75
ICICI Bank,Sarah Stanton,XXXX7409,Car,242915.08,08-07-2025,High,1,,,18-01-2025,195954.59,16809.43
HDFC Bank,Zachary Fitzpatrick,XXXX6927,House,201400.47,17-09-2023,Low,1,,,10-02-2023,441832.31,34141.4
Kotak Mahindra,Alexis Fields,XXXX3683,Car,290935.8,05-11-2024,High,,1,,21-04-2024,386046.17,40434.27
HDFC Bank,Ronald Garcia,XXXX7218,Car,53972.34,18-01-2025,Medium,,1,,11-04-2025,220958.52,22836.69
Kotak Mahindra,Michael Russell,XXXX5320,House,426551.64,12-05-2024,High,1,,,06-09-2024,378889.16,1004.39
Kotak Mahindra,Rebecca Ramos,XXXX2067,House,462854.52,11-09-2023,Low,,,1,18-06-2023,308996.34,12637.72
SBI,Matthew Oliver,XXXX9627,Car,380398.4,23-12-2024,High,1,,,05-11-2024,424049.92,4508.34
SBI,Michele Alexander,XXXX9888,Car,489069.55,19-01-2025,High,1,,,10-06-2025,177170.69,18734.45
Kotak Mahindra,Jennifer Eaton,XXXX5600,House,151659.14,14-01-2024,Medium,1,,,06-12-2024,56371.13,635
HDFC Bank,Jeffery Nguyen,XXXX7441,House,339931.86,10-08-2023,High,1,,,03-08-2023,,0
Axis Bank,Jonathan Wall,XXXX7292,Car,123191.28,05-09-2023,High,,,1,16-12-2023,400353.43,24091.64
Kotak Mahindra,Daniel Rodriguez,XXXX5749,Car,272464.77,06-04-2025,High,,,1,11-12-2025,285640.8,21966.75
HDFC Bank,Joshua Harris,XXXX2019,Car,422182.39,10-11-2024,High,1,,,24-09-2024,,0
ICICI Bank,Erin Brown,XXXX3782,Car,391559.12,06-11-2024,Low,1,,,15-11-2024,,0
ICICI Bank,Melissa Monroe,XXXX7161,Car,328127.05,18-06-2024,Low,,1,,21-11-2024,,0
SBI,Lori Rubio,XXXX9438,Car,285932.31,16-02-2025,High,,1,,05-09-2025,159954.33,581.4
Axis Bank,Christine Hernandez,XXXX7660,House,162346.22,27-06-2025,High,,,1,24-04-2025,378676.28,16559.5
Kotak Mahindra,Dr. Derek Nguyen,XXXX4353,House,260637.97,06-12-2023,Medium,1,,,02-06-2023,398415.33,24072.91
Kotak Mahindra,Timothy Lutz,XXXX8076,House,186363.12,01-02-2025,High,,,1,29-10-2025,69241.05,859.42
HDFC Bank,Ryan Adams,XXXX5017,Car,139349.35,11-03-2025,High,1,,,03-06-2025,338231.88,12366.65
ICICI Bank,Brian Garcia PhD,XXXX9749,Car,56035.62,31-05-2024,Medium,,1,,21-01-2024,149419.6,15704.75
SBI,Jeffrey Williams,XXXX2296,House,213557.98,08-10-2024,High,1,,,12-05-2024,151872.92,5648.22
Kotak Mahindra,Miss Barbara Riley,XXXX2790,House,234107.51,27-10-2024,Medium,,1,,04-09-2024,103271.85,8814.2
HDFC Bank,Nicole Dorsey,XXXX9339,Car,142768.13,08-02-2024,Low,,1,,15-06-2024,317258.65,35003.55
SBI,Gregory Foster,XXXX7010,House,208475.68,17-10-2024,Low,,1,,08-04-2024,415150.8,20592.44
Kotak Mahindra,Deborah Sawyer,XXXX3357,Car,328090.33,14-05-2025,Low,,1,,03-01-2025,76056.44,2350.2
Axis Bank,Linda Salazar,XXXX6599,Car,348788.15,28-06-2024,Medium,,1,,04-09-2024,105709.29,9007.22
SBI,Holly Huynh,XXXX4601,House,226093.03,03-09-2024,Medium,1,,,25-04-2024,235444.58,6594.7
Axis Bank,Katherine Armstrong,XXXX1676,Car,364679.61,15-02-2024,Medium,,1,,29-08-2024,149746.37,6094.95
ICICI Bank,Nathaniel Scott,XXXX9243,Car,394320.35,29-11-2023,Medium,1,,,07-07-2023,,0
ICICI Bank,David Hahn,XXXX3484,House,292881.11,21-03-2024,Medium,,1,,25-11-2024,148542.77,2071.12
Kotak Mahindra,Barbara Cook,XXXX1747,House,54251.6,15-11-2023,High,,1,,17-09-2023,180001.95,18126.44
Axis Bank,Michelle Pena,XXXX3969,House,282664.04,19-09-2023,High,1,,,27-03-2023,,0
HDFC Bank,Lisa Duncan,XXXX8834,House,460018.73,20-07-2025,Low,,1,,31-07-2025,119067.54,8538.26
Axis Bank,Beverly Marquez,XXXX3376,Car,453289.13,06-11-2023,High,1,,,25-05-2023,285944.78,8232.14
Kotak Mahindra,Jon Murphy MD,XXXX3611,House,155148.77,30-09-2023,High,1,,,21-07-2023,293392.97,31276.24
HDFC Bank,Kimberly Hanson,XXXX1462,Car,497256.18,18-04-2024,High,1,,,03-09-2024,,0
ICICI Bank,Dr. Megan Soto,XXXX9787,House,341381.29,31-07-2024,Medium,,1,,01-10-2024,196358.44,1564.43
SBI,Yolanda Montgomery,XXXX9583,Car,85653.99,22-02-2025,Low,,1,,11-09-2025,248652.82,21469.39
Axis Bank,Justin Howard,XXXX7799,Car,206866.36,02-11-2024,High,1,,,16-04-2024,351273.16,36270.81
Kotak Mahindra,Lindsey Moore,XXXX7384,House,480546.58,30-12-2024,High,1,,,07-01-2024,,0
Axis Bank,Cynthia Rodriguez,XXXX2848,House,185660.32,26-10-2024,High,1,,,09-04-2024,372292.89,32407.12
ICICI Bank,Alexa Lyons,XXXX2000,Car,465899.17,28-05-2024,Medium,1,,,26-07-2024,444266.46,26239.12
Axis Bank,Paula Montoya,XXXX8827,Car,336925.38,07-02-2025,Low,1,,,22-03-2025,,0
HDFC Bank,Michael Taylor,XXXX5455,Car,374229.76,05-10-2024,High,,,1,17-10-2024,,0
Kotak Mahindra,Cory Hunter,XXXX5280,Car,137246.48,13-02-2024,High,1,,,14-11-2024,,0
SBI,Nicole Thompson,XXXX7705,House,444362.14,11-01-2025,High,1,,,27-04-2025,77505.99,6119.05
Kotak Mahindra,Nathan Mcdonald,XXXX5860,Car,197646.63,30-07-2025,Medium,,1,,24-01-2025,96186.51,299.26
SBI,Joseph Vargas,XXXX7585,Car,86612.62,04-10-2024,Low,,1,,03-03-2024,461951.08,21923.71
Axis Bank,Michelle Alexander,XXXX5617,Car,194111.95,22-12-2023,High,1,,,26-01-2023,330424.64,6157.8
Axis Bank,Matthew Cole,XXXX8465,House,245352.63,13-07-2025,High,,1,,30-12-2025,167691.36,14810.07
SBI,Roberto Gonzalez,XXXX2481,Car,151300.62,25-08-2024,High,1,,,07-10-2024,87458.86,7869.22
HDFC Bank,Carmen Donaldson,XXXX6035,Car,288239.55,24-12-2023,High,1,,,13-12-2023,163752.53,1882.82
SBI,Kelly Warner,XXXX6980,Car,119720.7,19-12-2024,Medium,,1,,16-07-2024,432097.5,31545.52
HDFC Bank,Mariah Bowman,XXXX7760,Car,122300.65,21-01-2025,Low,1,,,21-01-2025,189888.17,8929.61
SBI,Mary Aguilar,XXXX2318,House,328906.58,18-04-2024,Low,1,,,14-02-2024,,0
Axis Bank,James Freeman,XXXX2782,Car,256400.37,09-09-2024,Medium,1,,,12-07-2024,,0
Kotak Mahindra,Mr. Timothy Bradshaw,XXXX2182,Car,256971.96,23-06-2024,Low,,1,,11-05-2024,66212.24,7159.3
Kotak Mahindra,Eugene Trevino,XXXX4811,House,484497.07,15-04-2024,Medium,,1,,10-04-2024,168899.33,6129.5
HDFC Bank,David Fuentes,XXXX5101,House,156368.8,27-01-2024,High,,1,,11-05-2024,433099,1117.32
HDFC Bank,Daniel Montgomery,XXXX4931,House,324476.6,08-09-2024,High,,1,,15-10-2024,217725.17,4967.62
Axis Bank,Holly Jones,XXXX3546,House,54187.02,21-07-2025,High,,1,,07-09-2025,182956.4,5714.03
Kotak Mahindra,Shannon Delacruz,XXXX5951,Car,138158.05,18-12-2023,Low,,,1,04-02-2023,331085.77,30327.5
SBI,Beth Richmond,XXXX6943,Car,300078.28,29-06-2025,Low,1,,,03-12-2025,,0
ICICI Bank,Chad Doyle,XXXX2375,Car,60133.25,02-01-2025,Low,,,1,19-11-2025,,0
Axis Bank,Francisco Wall,XXXX9433,Car,119165.24,21-10-2024,High,,,1,03-01-2024,267255.58,5114.81
Axis Bank,Kiara Alexander,XXXX4534,Car,263703.28,09-12-2023,Medium,,1,,02-02-2023,150080.75,10072.64
SBI,Kimberly Smith,XXXX3869,House,146957.31,29-06-2024,Medium,1,,,25-05-2024,116303.18,4074.89
Kotak Mahindra,Preston Larson,XXXX5892,House,258639.98,17-04-2025,High,,1,,09-08-2025,153813.46,4886.45
Kotak Mahindra,Brenda Pineda,XXXX6990,Car,152397.8,11-06-2024,Medium,1,,,01-07-2024,221679.72,13747.5
ICICI Bank,Michael Reyes,XXXX4395,Car,183022.2,18-11-2023,High,,1,,14-12-2023,,0
HDFC Bank,Sara Goodwin,XXXX8349,Car,173583.66,14-07-2024,Low,1,,,09-10-2024,307499.7,8343.77
SBI,Maurice Watson,XXXX2460,House,465358.36,08-03-2025,Low,1,,,27-11-2025,63051.76,1833
ICICI Bank,Brent Bell,XXXX9110,House,444800.89,28-06-2024,High,1,,,10-08-2024,200263.13,2629.13
SBI,Kirsten Green,XXXX9842,Car,70176.29,22-09-2024,High,1,,,12-09-2024,254914.12,19987.56
HDFC Bank,William Davila,XXXX4749,House,299967.86,16-03-2025,High,,1,,19-11-2025,327520.94,19462.48
SBI,David Roberts,XXXX6189,Car,228998.27,09-07-2025,Low,,1,,27-02-2025,115536.71,4861.27
Axis Bank,Diane Miranda,XXXX3247,Car,147318.5,26-01-2025,Low,1,,,28-03-2025,363140.92,34453.11
ICICI Bank,Jessica Wilkerson,XXXX2397,Car,302971.57,15-05-2024,Medium,1,,,14-10-2024,76880.23,18.17
Axis Bank,Anthony Peck,XXXX2446,House,91607.78,26-12-2024,Low,,1,,17-03-2024,355444.34,6539.61
Axis Bank,Melanie Moore,XXXX2234,House,351261.27,28-02-2024,Medium,1,,,27-06-2024,265216.07,19819.05
SBI,Tamara Cole,XXXX1612,House,88500.82,23-06-2024,Low,1,,,15-08-2024,305147.54,6174.29
ICICI Bank,Erika Gibbs,XXXX1487,Car,274765.5,13-02-2025,Low,,,1,06-03-2025,480038.63,13040.57
SBI,Scott Nixon,XXXX3410,Car,146348.9,05-06-2025,High,1,,,18-10-2025,96075.42,8933.07
Axis Bank,Victoria Garcia,XXXX7012,House,109800.95,06-09-2024,High,1,,,15-12-2024,,0
Axis Bank,Tonya Smith,XXXX3209,Car,492522.96,31-05-2025,High,,1,,07-12-2025,254146.84,16124.99
Kotak Mahindra,Kelsey Williams,XXXX9280,House,154297.57,15-11-2023,Medium,,1,,31-01-2023,88982.66,9710.55
Kotak Mahindra,Shannon Cunningham,XXXX9912,House,152374.06,06-02-2024,High,,1,,16-08-2024,463625.32,242.11
SBI,Jason Parks,XXXX5378,House,195926.34,28-01-2024,Low,1,,,12-12-2024,405311.08,17351.52
HDFC Bank,Hector Mullen,XXXX8233,House,278090.98,06-09-2024,Low,,1,,24-05-2024,307501.83,6453.3
Axis Bank,Beth Hernandez,XXXX7469,House,249315.82,26-03-2024,Low,,1,,02-01-2024,49193.9,3352.49
HDFC Bank,Kristen Coffey,XXXX4867,Car,279721.18,10-05-2024,Medium,1,,,25-07-2024,,0
Axis Bank,Christine Smith,XXXX2562,Car,365812.32,05-01-2024,Medium,1,,,05-02-2024,442230.06,25229.59
Kotak Mahindra,Alyssa Murphy,XXXX7295,House,440156.75,06-12-2023,High,,1,,20-05-2023,,0
HDFC Bank,Christopher Hicks,XXXX1464,House,140009.97,03-12-2024,Low,,,1,16-10-2024,318768.36,4698.96
Axis Bank,Dwayne Moore,XXXX2362,Car,239027.6,29-08-2023,Low,1,,,28-12-2023,214697.1,16406.24
SBI,Gina Higgins,XXXX9145,House,409527.96,01-06-2025,High,1,,,27-11-2025,255525.13,1215.43
Kotak Mahindra,Madison Calhoun,XXXX3882,Car,368014.79,11-10-2023,Low,,1,,11-06-2023,53305.47,4668.69
ICICI Bank,Sarah Perkins,XXXX6849,House,492180.9,02-11-2023,Medium,,1,,18-10-2023,,0
SBI,Shane Perry,XXXX6777,Car,472076.77,15-07-2024,Medium,,1,,22-09-2024,,0
Kotak Mahindra,Eric Hubbard,XXXX7909,House,411565.49,24-03-2025,High,,1,,17-05-2025,62368.76,2282.06
Axis Bank,Brandon Burnett,XXXX4812,House,180177.2,02-09-2023,Medium,,1,,16-11-2023,348607.71,24032.43
ICICI Bank,Susan Lozano,XXXX6779,House,293925.89,10-12-2024,High,1,,,13-03-2024,326041.91,29328.2
Axis Bank,Anna Johnson,XXXX8750,Car,116745.86,27-09-2024,Medium,,1,,03-03-2024,,0
ICICI Bank,Bonnie Simmons,XXXX5340,Car,249267.77,22-09-2023,High,,,1,17-04-2023,,0
SBI,Stephanie Lopez,XXXX1529,House,499970.51,21-07-2025,High,,1,,29-06-2025,,0
HDFC Bank,Ethan Olson,XXXX1852,House,298773.91,19-07-2024,Low,,1,,11-01-2024,301577.15,19597.98
HDFC Bank,Krystal Williams,XXXX3866,House,453802.89,12-05-2024,Low,,1,,28-05-2024,,0
ICICI Bank,John Anderson,XXXX3887,House,489061.49,24-02-2024,Medium,,,1,23-12-2024,85751.22,4627.42
HDFC Bank,Sean Francis,XXXX3979,Car,174157.84,29-10-2023,High,1,,,15-09-2023,75117.01,6375.98
SBI,Gregory Sanchez,XXXX6359,Car,79747.27,30-09-2023,High,,,1,14-01-2023,405361.48,10955.21
Kotak Mahindra,Nicole Knapp,XXXX5564,Car,137805.82,25-08-2024,Low,1,,,06-03-2024,120089.36,7994.83
HDFC Bank,Sarah Williams,XXXX3000,House,366130.89,24-06-2025,Medium,,,1,08-02-2025,443151.02,20293.45
Axis Bank,Brian Moyer,XXXX2787,Car,270000.99,30-06-2025,Medium,1,,,12-07-2025,362874.36,21092.74
ICICI Bank,David Griffin,XXXX4249,Car,215795.04,15-12-2024,Low,1,,,22-03-2024,201278.9,15442
HDFC Bank,Mark Wood,XXXX8248,Car,172627.49,29-04-2025,High,1,,,26-11-2025,190005.97,7510.86
Axis Bank,Brianna Reynolds,XXXX5881,House,97659.53,22-07-2024,Low,,1,,30-08-2024,253426.35,6133.91
SBI,Brittany Miranda,XXXX3148,Car,250170.2,22-01-2025,High,1,,,22-05-2025,189708.51,2334.09
HDFC Bank,Michael Cruz,XXXX4393,House,392665.94,17-06-2025,Medium,1,,,05-07-2025,186560.44,6341.28
SBI,Courtney Wood,XXXX2255,House,105134.38,07-03-2025,Medium,1,,,26-01-2025,339485.21,29585.2
HDFC Bank,Scott Bowen,XXXX2336,House,191711.57,25-11-2023,Medium,,1,,09-04-2023,458273.86,11398.52
Kotak Mahindra,Bethany Gonzales,XXXX6351,House,446142.16,28-04-2024,High,1,,,11-08-2024,423487.95,41354.37
HDFC Bank,Jessica Stephens,XXXX7559,Car,116818.33,01-10-2024,Low,,1,,29-03-2024,383077.3,12561.87
SBI,Paul Cowan,XXXX2003,House,239821.03,26-07-2025,Low,1,,,25-11-2025,82072.96,4711.22
Axis Bank,Linda Macias,XXXX9860,House,369870.57,08-02-2025,High,,1,,13-01-2025,328703.58,23057.12
SBI,Mr. Richard Gonzalez,XXXX4423,Car,243336.18,25-04-2025,High,1,,,19-03-2025,,0
HDFC Bank,David Flores,XXXX9699,House,311687.75,29-05-2025,High,,,1,23-06-2025,303124.64,383.25
Axis Bank,David Dean,XXXX1574,Car,278179.33,14-03-2024,Medium,,,1,12-04-2024,99446.95,1030.91
Axis Bank,Steven Rubio,XXXX1932,Car,323134.76,29-05-2025,Medium,1,,,08-11-2025,,0
Axis Bank,Miss Jennifer Hunt DDS,XXXX1738,Car,270197.2,03-09-2023,Low,,1,,12-05-2023,344924.69,11070.61
Axis Bank,Linda Herrera,XXXX5415,House,278850.61,07-02-2025,Medium,1,,,02-02-2025,93595.39,6605.46
Kotak Mahindra,John Willis,XXXX6369,House,59986.17,26-12-2023,High,,1,,28-10-2023,,0
SBI,Cheryl Shaw DDS,XXXX2394,Car,343612.95,18-05-2025,Low,,1,,10-04-2025,169914.35,13107.59
HDFC Bank,Eric West,XXXX3697,House,52212.79,27-11-2024,Medium,1,,,29-12-2024,107368.54,434.19
HDFC Bank,Jordan Martinez,XXXX3283,House,227506.22,28-03-2025,High,1,,,06-12-2025,399310.03,28285.52
ICICI Bank,Michael Underwood,XXXX8564,House,457287.68,27-12-2024,Low,,1,,29-02-2024,140596.84,13389.82
SBI,Randall Jackson,XXXX4973,House,239191.33,09-01-2025,High,,1,,11-02-2025,,0
ICICI Bank,James Williams MD,XXXX9341,House,193601.53,14-04-2025,Medium,,1,,22-07-2025,251328.85,17149.71
ICICI Bank,Timothy Jenkins,XXXX9832,Car,345489.77,04-04-2025,High,1,,,03-11-2025,432941.32,40006.86
ICICI Bank,Dr. Dustin Miller,XXXX2783,House,376400.52,10-08-2024,High,1,,,12-02-2024,266399.89,29163.29
SBI,Alejandro Simmons,XXXX5666,Car,182220.2,30-04-2024,High,,1,,05-01-2024,,0
HDFC Bank,Samuel George,XXXX6912,House,415914.99,16-12-2024,Medium,,1,,30-06-2024,,0
Axis Bank,Dana Bradley,XXXX8985,Car,121243.92,09-02-2024,Low,,1,,26-05-2024,,0
SBI,Richard Rowe,XXXX4671,Car,360499.58,15-09-2023,Low,1,,,23-08-2023,,0
Axis Bank,Mark Howard,XXXX3812,Car,132242.93,10-11-2024,Low,1,,,20-06-2024,366592,1311.35
HDFC Bank,John Young,XXXX3583,Car,50768.17,22-11-2024,Medium,,,1,06-12-2024,366306.17,722.14
SBI,Rebekah Stone,XXXX1394,House,261303.36,31-05-2024,High,,1,,29-08-2024,339216.33,13105.95
Kotak Mahindra,Crystal Williams,XXXX6761,House,456055.66,12-03-2024,Medium,1,,,17-12-2024,260399.1,20203.65
SBI,Jonathan Peterson,XXXX5625,House,495934.01,17-03-2024,Low,,,1,15-10-2024,422808.4,12576.29
Kotak Mahindra,Christine Burgess,XXXX3393,Car,359557.05,25-04-2025,High,1,,,31-10-2025,440483.2,36174.74
Axis Bank,Eric Love,XXXX8208,House,107386.46,27-03-2025,Low,,1,,18-05-2025,200003.52,15645.13
ICICI Bank,Thomas King,XXXX4409,Car,230134.73,26-09-2023,Medium,,1,,06-07-2023,310984.61,8454.01
ICICI Bank,Michael Gomez,XXXX1929,Car,159631.92,02-06-2024,High,1,,,17-02-2024,115108.47,7611.61
Kotak Mahindra,Scott Mitchell,XXXX9866,Car,449462.89,17-10-2023,Low,1,,,14-02-2023,207856.18,16032.96
HDFC Bank,Heather Miller,XXXX3240,Car,184248.15,12-10-2024,Medium,1,,,25-01-2024,,0
Axis Bank,Michael Vance,XXXX3222,House,344920.87,05-10-2023,High,1,,,26-12-2023,106347.4,10720.27
Kotak Mahindra,Alyssa Nelson,XXXX4165,House,186468.33,10-04-2024,High,,1,,22-11-2024,394193.05,1958.87
ICICI Bank,Brenda Gonzalez,XXXX4277,Car,454389.92,14-03-2025,High,1,,,26-06-2025,48593.81,1816.12
Axis Bank,Ivan Romero,XXXX7382,Car,403712.5,11-06-2024,Low,,1,,29-05-2024,310243.66,14021.9
Axis Bank,Gabriel Dunn,XXXX3406,House,281202.61,17-07-2024,Medium,1,,,10-02-2024,,0
ICICI Bank,Kevin Baldwin,XXXX8651,House,416033.94,10-09-2023,High,,,1,20-12-2023,53920.78,4423.24
Axis Bank,Brittany Gonzalez,XXXX1229,Car,206448.1,19-04-2024,Low,,,1,12-08-2024,,0
SBI,Elizabeth Bolton,XXXX9282,Car,337167.52,18-11-2023,High,1,,,18-05-2023,,0
Kotak Mahindra,Marcus Smith,XXXX7845,Car,346591.35,05-08-2025,Medium,1,,,22-10-2025,153040.79,2580.53
Axis Bank,Edwin Keller,XXXX1489,Car,78944,06-01-2025,High,1,,,23-08-2025,127236.12,7327.37
Kotak Mahindra,Jesse Berry,XXXX2978,Car,171733.8,13-04-2025,Low,1,,,07-07-2025,,0
Kotak Mahindra,Christina Lee,XXXX5743,Car,260003.96,04-10-2024,Medium,,1,,07-08-2024,,0
Axis Bank,Zachary Wallace,XXXX2044,House,360942.19,06-11-2023,Low,1,,,07-09-2023,,0
ICICI Bank,Michelle Rosario,XXXX7196,House,247703.11,06-04-2024,High,1,,,25-06-2024,379766.83,8718.95
SBI,William Martinez,XXXX7750,Car,111610.22,09-01-2025,Low,,1,,18-12-2025,188342.02,20676.4
Kotak Mahindra,Erica Roberts,XXXX1453,Car,403106.92,04-08-2024,Medium,,1,,24-06-2024,123230.98,4688.89
HDFC Bank,David Smith,XXXX9922,House,158482.64,28-04-2025,Medium,1,,,17-08-2025,128974.48,11736.61
HDFC Bank,Samuel Wright,XXXX1636,House,279722.93,16-10-2024,Medium,1,,,12-09-2024,402834.93,37953.2
SBI,Eric Burke,XXXX5462,House,457919.67,17-01-2025,High,,,1,07-02-2025,,0
Axis Bank,Brittney Jones,XXXX2019,Car,192886.53,09-02-2024,Low,,,1,13-02-2024,51927.78,1038.65
SBI,Lisa Castaneda,XXXX2732,Car,470760.59,27-01-2025,Medium,1,,,06-08-2025,349620.04,8733.05
HDFC Bank,Collin Simon,XXXX8169,Car,98610.6,09-01-2024,Medium,1,,,23-08-2024,413642.87,26719.85
SBI,Crystal Mcclain,XXXX5576,Car,283403.46,06-11-2024,High,,1,,19-10-2024,357842.19,34621.64
Kotak Mahindra,Timothy Smith,XXXX3750,House,118087.86,15-08-2023,Medium,1,,,22-01-2023,,0
Axis Bank,Tanya Molina,XXXX7645,House,115407.4,21-07-2025,Low,1,,,24-01-2025,59205.19,2908.2
HDFC Bank,Dustin Lee,XXXX4588,House,289454.14,22-04-2025,High,1,,,23-01-2025,,0
Kotak Mahindra,David Williams,XXXX8790,House,460729.61,23-08-2024,Medium,1,,,11-07-2024,147470.38,7378.43
ICICI Bank,Brooke Dixon,XXXX5793,Car,390176.54,17-07-2025,Low,,1,,13-04-2025,314860.86,21406.48
Axis Bank,James Hubbard,XXXX4513,Car,410048.75,04-10-2023,High,,1,,23-06-2023,309872.13,32642.93
SBI,Michelle Olson,XXXX5308,House,472881.04,07-05-2025,Medium,1,,,09-11-2025,201479.53,1595.08
Kotak Mahindra,Barbara Robinson,XXXX4514,House,272477.47,26-12-2023,Medium,,1,,22-04-2023,89976.01,7675.49
SBI,Rachel Sampson,XXXX1677,House,292691.39,18-06-2025,Low,,1,,10-10-2025,163335.08,10115.91
Axis Bank,John Lawson,XXXX7869,Car,407611.08,23-10-2024,Medium,1,,,06-04-2024,284908.9,17068.41
HDFC Bank,Phillip Salazar,XXXX5782,House,174050.62,24-09-2024,Medium,,1,,15-08-2024,131574.72,2497.37
Kotak Mahindra,Ann Wu,XXXX6927,House,344168.28,02-12-2024,High,,1,,04-01-2024,403048.18,43641.33
SBI,Justin Haas,XXXX5279,Car,369172.4,13-01-2025,High,,1,,01-12-2025,153420.98,16250.65
ICICI Bank,Samantha Black,XXXX5472,Car,290668.75,06-10-2023,Medium,,1,,13-05-2023,87853.49,1742.34
Kotak Mahindra,Charles Madden,XXXX5074,Car,300259.34,15-06-2024,Low,,1,,27-04-2024,460556.41,26272.28
Kotak Mahindra,Caleb Thomas,XXXX4487,House,387655.68,04-04-2025,Medium,,1,,10-05-2025,,0
HDFC Bank,Donald Shah,XXXX4790,Car,483284.39,30-01-2024,Low,1,,,01-03-2024,391310.98,24926.91
SBI,Thomas Mcneil,XXXX2732,Car,484084.53,07-02-2024,Low,,1,,18-11-2024,274527.25,29537.11
SBI,Mary Robles,XXXX8673,House,255622.38,19-05-2024,Low,,,1,24-04-2024,176072.78,10605.65
Kotak Mahindra,Dr. Hayley Harris,XXXX5112,House,299493.92,24-01-2024,Low,,1,,10-06-2024,,0
SBI,Zachary Clark,XXXX3494,House,426555.62,31-12-2024,Medium,,1,,01-10-2024,204276.21,13904.72
SBI,Rebecca Smith,XXXX6490,Car,331723.27,20-05-2025,Medium,,1,,02-01-2025,452284.58,15729.01
SBI,Dale Moyer,XXXX3663,House,56765.17,11-02-2024,Low,,1,,10-02-2024,,0
SBI,Joy Burns,XXXX9098,House,152865.85,03-07-2024,High,1,,,16-02-2024,108336.1,7605.15
Axis Bank,Monica Hernandez,XXXX8195,Car,265142.08,06-08-2025,Low,,1,,31-03-2025,92886.66,8767.46
ICICI Bank,Julie Morgan,XXXX3484,House,292278.39,15-03-2024,Low,1,,,05-07-2024,298463.2,19833.21
Axis Bank,Erin Williams,XXXX7791,House,436350.27,18-04-2024,Medium,,,1,04-03-2024,251186.2,13762.21
SBI,Paul Conrad,XXXX8566,Car,375667.95,30-05-2024,Medium,,1,,22-12-2024,363195.9,9662.59
HDFC Bank,Wendy Thomas,XXXX2794,House,64834.68,14-06-2025,High,1,,,17-06-2025,479590.62,18330.6
SBI,Maurice Rodriguez,XXXX3234,House,491224.98,23-03-2024,Low,1,,,13-12-2024,424991.53,175.94
ICICI Bank,Joshua Taylor,XXXX7459,Car,191446.06,17-06-2024,High,1,,,08-09-2024,,0
Axis Bank,Patrick Schultz,XXXX5539,House,486782.95,06-11-2023,High,1,,,07-09-2023,55510.09,357.7
Kotak Mahindra,Matthew Morris,XXXX1887,Car,139624.81,01-08-2024,Low,,1,,01-12-2024,,0
ICICI Bank,Richard Hart,XXXX1411,Car,171447.31,09-12-2023,Medium,,1,,15-04-2023,495619.11,1199.47
Axis Bank,Loretta Bell,XXXX7835,House,202674.16,22-11-2023,High,1,,,15-06-2023,384774.46,34940.05
SBI,Austin Young,XXXX8227,House,392123.07,20-07-2024,High,,1,,29-12-2024,,0
HDFC Bank,Sharon Thomas,XXXX5836,Car,277831.41,13-05-2024,Low,1,,,21-11-2024,78419.83,3950.18
Axis Bank,Jeffery Gonzalez,XXXX8285,Car,298589.61,22-03-2025,Medium,1,,,31-03-2025,66521.59,1017.19
Kotak Mahindra,Joe Velez,XXXX1856,Car,361134.27,19-04-2024,High,1,,,19-09-2024,243311.46,26783.9
ICICI Bank,Tara Johnson,XXXX8898,House,498527.62,11-10-2024,High,1,,,01-01-2024,57097.21,5763.22
Kotak Mahindra,Linda Robinson,XXXX3427,House,120220.44,03-05-2024,Medium,1,,,22-09-2024,427925.49,22932.55
HDFC Bank,Margaret Mcclure,XXXX4934,Car,321776.66,22-03-2025,High,,1,,10-04-2025,381930.37,39512.78
Axis Bank,David Rivera,XXXX6440,Car,218422.11,08-08-2024,Medium,1,,,22-02-2024,447639.52,4298.96
ICICI Bank,Dustin Knight,XXXX5055,Car,320986.51,30-11-2023,High,1,,,06-12-2023,472819.64,2154.32
SBI,Catherine Flores,XXXX5379,House,200028.94,19-12-2024,High,1,,,10-06-2024,311469.13,26961.41
ICICI Bank,Chad Dixon,XXXX9355,Car,158020.7,17-08-2024,High,,1,,09-06-2024,56225.59,627.37
ICICI Bank,Maria Williams,XXXX8480,House,74780.66,03-02-2024,Medium,,1,,31-05-2024,294284.25,21153.27
Axis Bank,John Leon,XXXX2167,Car,73120.01,17-07-2024,Medium,1,,,17-03-2024,165260.61,10665.8
Kotak Mahindra,Kenneth Johnson,XXXX7545,Car,241825.89,15-12-2024,High,,1,,29-02-2024,136642.61,6291.5
Kotak Mahindra,Katherine Barber,XXXX9030,Car,295386.85,19-05-2025,Medium,1,,,15-02-2025,142927.04,14934.24
Axis Bank,Cory West,XXXX9618,House,474373,14-01-2025,Low,1,,,12-04-2025,,0
Axis Bank,Amanda Byrd,XXXX5530,Car,223518.6,22-08-2024,Medium,,1,,13-07-2024,231937.49,14722.6
ICICI Bank,John Farley,XXXX1432,House,55288.99,11-04-2024,Medium,,,1,22-12-2024,163980.11,8828.39
ICICI Bank,Margaret Hernandez,XXXX3580,Car,485608.11,01-03-2024,Medium,1,,,04-12-2024,70760.83,3867.78
ICICI Bank,Elizabeth James,XXXX2267,House,121150.42,12-03-2025,High,,1,,24-07-2025,460141.03,31485.32
HDFC Bank,Jeffrey Nelson,XXXX7530,Car,78389.11,07-10-2024,Low,,,1,10-09-2024,189088.76,2838.62
Kotak Mahindra,Robert Tran,XXXX1102,House,220533.09,05-12-2024,Low,1,,,15-06-2024,207050.07,3000.12
HDFC Bank,Wendy Wade,XXXX3328,House,193263.16,27-07-2024,Low,1,,,27-02-2024,110006.65,8255.36
ICICI Bank,Kelly Williamson,XXXX1224,Car,259983.65,29-09-2024,Medium,1,,,21-05-2024,247301.79,8718.14
Kotak Mahindra,Steven Price,XXXX5983,Car,359634.61,27-11-2024,Medium,,1,,08-12-2024,204156.31,4591.05
SBI,Bradley Burnett,XXXX9997,House,479320.55,11-01-2025,High,1,,,26-03-2025,,0
Kotak Mahindra,Shelly Jacobs,XXXX1958,House,175341.3,12-06-2024,High,1,,,17-05-2024,184903.15,1812.16
Axis Bank,Danielle Pena,XXXX3056,House,327037.42,12-09-2023,High,1,,,12-05-2023,303372.71,12661.22
Kotak Mahindra,Scott Potter,XXXX7698,House,379358.34,01-09-2024,High,1,,,21-01-2024,,0
ICICI Bank,Nicole Fernandez,XXXX2463,Car,85295.12,17-05-2024,High,,1,,11-08-2024,,0
Kotak Mahindra,Regina Marshall DVM,XXXX4031,Car,252709.64,22-12-2023,Medium,1,,,04-03-2023,430603.17,44130.41
ICICI Bank,Lori Grant,XXXX1649,Car,362281.07,29-11-2024,High,,,1,20-05-2024,,0
HDFC Bank,Andre Fuller,XXXX2470,House,108280.13,25-01-2024,Low,,1,,06-06-2024,,0
ICICI Bank,Theodore Brown,XXXX9857,Car,456729.31,24-02-2025,Medium,,1,,08-05-2025,330005.84,31033.24
ICICI Bank,Marissa Fischer,XXXX1314,House,162306.54,20-06-2024,Low,,1,,02-07-2024,60138.67,870.72
Kotak Mahindra,Brenda Smith,XXXX6233,House,336972.07,01-07-2025,High,,1,,18-01-2025,169189.66,6348.59
SBI,Mary Edwards,XXXX3278,House,350235.4,29-08-2024,Low,,1,,05-04-2024,443801.17,34655.61
ICICI Bank,Crystal Aguirre,XXXX1892,House,61453.67,22-10-2023,Low,,1,,15-08-2023,174280.9,13873.91
ICICI Bank,Justin Burns,XXXX3690,Car,272430.71,14-01-2025,Low,1,,,08-08-2025,219915.17,3575.73
HDFC Bank,Mr. Richard Thomas,XXXX1382,House,382175.99,27-07-2024,High,1,,,08-08-2024,276444.12,20121.81
SBI,Jennifer Newton,XXXX5681,House,120162.19,14-08-2023,Medium,,1,,01-10-2023,102321.69,10614.73
ICICI Bank,Danielle Vargas,XXXX1118,House,481560.23,08-11-2023,High,1,,,04-12-2023,,0
HDFC Bank,Jennifer Williams,XXXX7670,House,269959.29,12-05-2024,Medium,,1,,09-01-2024,205241.26,18644.59
HDFC Bank,Alice Miller,XXXX6528,House,361901.36,10-11-2023,Medium,1,,,19-04-2023,,0
HDFC Bank,Stacey Moss,XXXX9882,House,448870.52,17-11-2024,High,,,1,13-08-2024,459266.9,24942.5
Axis Bank,Adrienne Ramos,XXXX8119,House,329495.48,13-01-2025,Medium,1,,,13-08-2025,242731.75,5194.9
Axis Bank,Thomas Perez,XXXX3995,Car,112911.07,27-11-2023,Low,1,,,06-10-2023,183949.18,3429.48
SBI,Dr. Catherine Martinez,XXXX1048,Car,61516.79,07-12-2024,Low,1,,,09-04-2024,165745.12,11792.69
Axis Bank,Erica Alexander,XXXX1224,Car,227555.09,09-11-2024,Medium,1,,,27-12-2024,60588.61,6089.57
SBI,Mrs. Shirley Hernandez,XXXX7577,Car,470346.1,22-11-2024,Medium,,1,,13-12-2024,224810.31,9182.63
SBI,Christopher White,XXXX8918,Car,406484.09,06-05-2024,Low,,1,,10-09-2024,180872.78,17818.26
SBI,Pamela Terrell,XXXX5889,Car,200860.41,01-12-2024,Medium,1,,,30-05-2024,,0
Kotak Mahindra,Kyle Mcneil,XXXX7085,Car,254580.11,14-01-2025,Medium,,1,,03-09-2025,237137.63,6267.03
Kotak Mahindra,Lauren Koch,XXXX1124,Car,170973.44,11-04-2025,Low,,1,,04-06-2025,299384.95,10404.67
HDFC Bank,Edward Ball,XXXX2751,House,365646.92,14-12-2023,Medium,1,,,30-03-2023,187045.09,19229.34
Kotak Mahindra,Tiffany Jordan,XXXX2010,Car,131050.32,23-08-2023,High,,1,,17-09-2023,,0
SBI,Jonathan Larson,XXXX7283,Car,226138.82,18-07-2025,Low,1,,,13-11-2025,357164.49,18318.85
SBI,Dawn Webb,XXXX2940,House,95631.53,11-11-2024,Low,,1,,21-02-2024,77496.62,961.58
HDFC Bank,Mr. David Stein,XXXX4285,House,431942.68,25-09-2024,Low,,1,,16-01-2024,,0
Kotak Mahindra,Christine Trevino,XXXX9136,House,207112.36,31-07-2024,Low,,1,,31-10-2024,219194.37,19707.34
Kotak Mahindra,Brittany Kent,XXXX3409,Car,242414.51,16-03-2025,Medium,1,,,05-01-2025,55980.76,2323.02
Kotak Mahindra,Christine Perry,XXXX3743,Car,218833.97,27-04-2024,High,1,,,01-10-2024,388717.49,9610.24
SBI,Patricia Boyer,XXXX7306,House,147649.94,23-08-2024,High,1,,,17-11-2024,386171.77,37593.5
Kotak Mahindra,Christina Hill,XXXX9262,Car,179975.79,28-05-2024,Medium,1,,,25-05-2024,213657.35,783.9
Kotak Mahindra,Penny Martinez,XXXX9087,Car,172872.64,01-05-2025,High,1,,,17-06-2025,82821.59,2321.2
Kotak Mahindra,Charles Marshall,XXXX3860,Car,322053.54,15-12-2023,High,,1,,21-07-2023,,0
ICICI Bank,Michael Stanton,XXXX9585,House,188824.29,06-02-2024,High,,1,,28-06-2024,262775.71,3621.2
ICICI Bank,Stephen Cochran,XXXX1059,Car,478962.86,05-10-2024,Medium,,,1,10-09-2024,393084.52,42871.95
Kotak Mahindra,Joshua Benson,XXXX4865,Car,202775.28,29-11-2023,High,,1,,14-03-2023,282299.41,19666.06
ICICI Bank,Dylan Davidson,XXXX4980,Car,67672.24,19-09-2024,Low,,1,,11-01-2024,309713.49,4522.33
SBI,Ashley Sanders,XXXX1268,Car,326188.47,16-07-2025,Low,,1,,19-03-2025,,0
Axis Bank,Jacob Hodge,XXXX2939,House,240178.71,13-09-2023,Low,1,,,01-09-2023,55871.13,2999.54
SBI,James Chang,XXXX9435,House,308700.33,04-05-2025,High,,1,,16-11-2025,440267.65,16071.01
Kotak Mahindra,Thomas Woods,XXXX9810,Car,222085.29,04-07-2024,Low,1,,,18-04-2024,400305.35,27626.81
Kotak Mahindra,Tanner Thomas,XXXX6230,Car,73305.48,16-10-2023,Low,,1,,30-05-2023,,0
ICICI Bank,Justin Martin,XXXX1293,Car,269210.72,11-12-2023,Medium,,1,,16-12-2023,203500.23,18367.86
ICICI Bank,Casey Davis,XXXX4603,House,86746.33,05-06-2025,Medium,1,,,05-11-2025,139644.89,8052.08
SBI,Drew Nelson,XXXX5334,House,145218.37,10-01-2024,Medium,,1,,18-12-2024,389683.51,23948.19
HDFC Bank,Erin Cruz,XXXX6916,House,111196.16,13-09-2024,High,,1,,08-07-2024,377798.77,24646.79
SBI,Amy Miller,XXXX2590,House,259294.07,29-02-2024,High,1,,,24-05-2024,271318.25,27816.13
HDFC Bank,Alexandria Jenkins,XXXX2375,Car,270790.09,19-10-2024,High,,1,,29-04-2024,350420.85,19139.31
ICICI Bank,Kelly Carson,XXXX4253,Car,136829.12,02-12-2024,Medium,,1,,18-05-2024,468592.38,1634.97
Kotak Mahindra,Jennifer Schmidt,XXXX8390,Car,124882.16,02-11-2023,Low,1,,,21-05-2023,,0
ICICI Bank,Charles Jackson,XXXX8975,House,120147.72,27-08-2024,Medium,1,,,05-06-2024,,0
Kotak Mahindra,Matthew Porter,XXXX9604,Car,131065.5,29-06-2025,Medium,,1,,21-02-2025,431459.77,15918.41
Axis Bank,Sydney Burns,XXXX7144,Car,304615.49,19-09-2023,High,1,,,25-10-2023,,0
SBI,Joshua Hall,XXXX3692,Car,214816.96,12-11-2024,Low,1,,,24-10-2024,132776.35,8054.84
Kotak Mahindra,Amanda Soto,XXXX5955,Car,239612.17,10-09-2023,Low,,1,,11-03-2023,67653.98,4401.24
Axis Bank,Walter Lawson,XXXX5509,House,298344.35,26-05-2024,Medium,,1,,15-09-2024,,0
HDFC Bank,Andrew White,XXXX6403,Car,179836.19,27-05-2024,Low,,1,,16-01-2024,246567.38,27298.41
Kotak Mahindra,Thomas Armstrong,XXXX3433,House,220653.87,14-12-2023,Medium,,1,,24-05-2023,381094.5,4706.08
HDFC Bank,Brandon Reid,XXXX3138,Car,225769.73,12-05-2025,Medium,,1,,06-03-2025,421611.79,19364.9
Axis Bank,Sarah Johns,XXXX3169,House,190453.49,26-02-2024,Medium,1,,,12-01-2024,104147.32,533.81
ICICI Bank,Rebecca Lane,XXXX3831,Car,482554.66,12-10-2024,High,,1,,01-11-2024,383659.05,24682.47
Kotak Mahindra,Todd Kidd,XXXX9406,Car,496457.36,24-11-2024,Medium,,1,,10-05-2024,,0
Axis Bank,Nathan Bryant,XXXX2096,House,211482.31,22-07-2025,Medium,,1,,16-11-2025,297104.63,8510.95
HDFC Bank,Kelly Perkins,XXXX4431,Car,183905.81,27-05-2024,Medium,,1,,09-08-2024,,0
Kotak Mahindra,Michael Dean,XXXX7484,House,87118.82,08-10-2023,Low,1,,,21-09-2023,263586.77,17467.23
Axis Bank,Amanda Noble,XXXX2464,House,468452.72,20-12-2023,High,,,1,11-06-2023,,0
Kotak Mahindra,Matthew Friedman,XXXX7080,House,476783.2,15-01-2025,Medium,,1,,20-04-2025,352783.86,4335.56
Axis Bank,Denise Lynn MD,XXXX5623,House,126032.8,08-02-2025,Low,1,,,16-12-2025,304504.76,12749.4
ICICI Bank,Brandy Gomez,XXXX5561,Car,137360.66,09-06-2024,Medium,1,,,08-12-2024,,0
Axis Bank,Laura Simpson,XXXX1070,Car,144674.06,11-05-2024,High,,1,,09-03-2024,165607.45,13128.56
Axis Bank,John Leonard,XXXX2711,House,486792.56,21-03-2024,High,1,,,17-09-2024,126346.37,3108.67
ICICI Bank,John Miller,XXXX8218,House,395096.26,22-03-2025,Medium,1,,,07-02-2025,228557.46,25052.72
Kotak Mahindra,Sarah Reed,XXXX4536,Car,65388.91,03-04-2024,High,,1,,02-04-2024,213896.73,9172.05
HDFC Bank,Michael Velasquez,XXXX8952,House,485092.99,31-03-2024,Medium,1,,,02-08-2024,,0
SBI,Blake Brandt,XXXX5229,House,439442.26,19-12-2024,Low,,1,,23-12-2024,76240.38,7056.63
Axis Bank,Christina Mathis,XXXX7288,Car,322440.49,15-04-2024,Low,,1,,11-03-2024,163585.86,1303.73
ICICI Bank,Stephanie Lewis,XXXX8671,Car,107517.97,30-03-2024,High,1,,,20-12-2024,,0
Kotak Mahindra,Fernando Gilbert,XXXX5621,Car,389593.39,28-06-2025,High,,,1,31-03-2025,,0
SBI,Dylan Reid,XXXX4611,Car,488936.24,16-06-2025,Medium,,,1,22-02-2025,295314.34,26211.73
Kotak Mahindra,Lori Parker,XXXX3268,House,243900.05,07-03-2024,Medium,1,,,11-04-2024,387458.33,29004.92
SBI,Megan Horne,XXXX3622,Car,320263.75,11-12-2024,High,1,,,22-05-2024,409961.07,18092.79
Kotak Mahindra,Brianna Salas,XXXX4922,Car,264760.46,17-07-2024,Medium,1,,,26-01-2024,,0
Axis Bank,Jeffrey Davis,XXXX1970,House,497091.04,13-09-2023,Low,1,,,16-12-2023,460770.78,17328.18
SBI,Jacqueline Dixon,XXXX7749,Car,92026.95,01-05-2025,Medium,1,,,02-02-2025,379397.7,24247.75
ICICI Bank,Trevor Collins,XXXX5152,Car,230703.58,29-10-2024,High,1,,,17-11-2024,214257.68,11435.9
ICICI Bank,Russell Brown,XXXX4902,Car,432218.1,04-08-2025,High,1,,,15-02-2025,88221.4,8753.82
Kotak Mahindra,Alison Alexander,XXXX4694,Car,92958.35,25-06-2024,Low,1,,,21-02-2024,408857.33,2124.04
SBI,Devin Estrada,XXXX1687,Car,264033.4,22-04-2024,Medium,,1,,26-07-2024,312331.53,5749.55
ICICI Bank,Samuel Vargas,XXXX4318,House,155847.76,04-02-2024,Medium,,1,,28-01-2024,,0
SBI,Brenda Flores,XXXX7647,House,434327.23,19-11-2023,Medium,1,,,22-10-2023,193317.61,18708.31
Kotak Mahindra,Dr. Karen Watson,XXXX4720,House,444330.73,15-04-2024,High,,1,,18-09-2024,434337.61,42694.84
Kotak Mahindra,Rick Robinson,XXXX9814,House,475426.54,05-01-2024,Medium,1,,,29-05-2024,57412.41,2055.89
HDFC Bank,Patricia Petty,XXXX9806,House,252845.05,15-01-2024,Low,1,,,30-08-2024,,0
SBI,Anna Webb,XXXX5228,House,350095.58,13-08-2024,High,1,,,22-07-2024,473577.55,13289.69
Kotak Mahindra,Jeffery Smith,XXXX9072,Car,372625.98,12-07-2024,Medium,,1,,26-10-2024,242097.75,5629.42
Kotak Mahindra,Shane Kerr,XXXX7627,House,309870.79,08-11-2023,Medium,,1,,27-01-2023,391635.64,33190.17
ICICI Bank,Christopher Williams,XXXX5949,House,110464.76,15-09-2024,Medium,,,1,15-03-2024,364200.68,6517.73
HDFC Bank,Julie Hall,XXXX4034,House,234798.07,21-04-2024,Medium,,1,,26-08-2024,,0
Kotak Mahindra,Kimberly Thompson,XXXX3863,House,304475.75,02-12-2023,High,1,,,13-02-2023,325680.67,23931.75
SBI,Chelsea Farmer DDS,XXXX3904,Car,300279.41,26-06-2025,Medium,1,,,02-12-2025,407744.67,45274.96
Kotak Mahindra,Bobby Hester,XXXX6225,Car,130382.5,16-01-2025,Medium,,1,,31-10-2025,,0
ICICI Bank,Joshua Short Jr.,XXXX7031,House,261098.53,28-04-2025,Medium,1,,,13-04-2025,252663.12,7785.35
Axis Bank,Natalie Jackson,XXXX8113,House,62855.27,24-10-2024,Low,,,1,07-03-2024,364637.52,22272.56
ICICI Bank,Victor Rush,XXXX3911,House,148151.45,30-03-2025,High,1,,,10-03-2025,386573.02,28096.15
Kotak Mahindra,Anthony Larson,XXXX9938,Car,123130.81,18-11-2023,Medium,,1,,04-05-2023,,0
SBI,Stephanie Bishop,XXXX5650,House,206411.44,06-07-2024,Medium,,,1,28-05-2024,267921.45,181.52
Kotak Mahindra,Virginia Gregory,XXXX7999,Car,159314.93,08-11-2024,Medium,1,,,25-07-2024,305953.13,2764.13
ICICI Bank,Austin Myers,XXXX5352,House,465475.94,31-01-2025,Low,,,1,15-07-2025,153228.37,13582.2
ICICI Bank,Courtney Steele,XXXX9583,Car,437035.11,23-02-2025,Low,,1,,22-02-2025,157293.1,3688.54
Axis Bank,Ryan Campbell,XXXX7335,House,300789.28,30-11-2024,Low,1,,,23-10-2024,308482.84,28495.75
HDFC Bank,Denise Floyd,XXXX1193,House,185688.5,14-05-2024,Low,1,,,30-09-2024,398571.67,40655.73
Axis Bank,Jeffery Edwards,XXXX2177,House,483229.57,02-01-2025,Medium,1,,,06-03-2025,434310.83,12800.01
Axis Bank,Michelle Davis,XXXX6164,Car,257370.1,30-04-2024,Medium,1,,,20-01-2024,349273.39,16151.97
ICICI Bank,Matthew Carter,XXXX6393,House,264142.21,11-10-2023,Low,1,,,29-12-2023,367009.45,35559.8
Kotak Mahindra,Kelsey Williams,XXXX1753,Car,329577.04,25-09-2024,Low,1,,,23-03-2024,65807.57,1326.1
Axis Bank,Robyn Williams,XXXX2962,Car,230128.51,18-10-2024,Low,,1,,23-12-2024,105292.01,3903.05
Axis Bank,Kevin Bell,XXXX4673,Car,101906.62,11-10-2024,Low,1,,,14-06-2024,89412.43,4328.95
Kotak Mahindra,Cody White,XXXX2525,Car,297377.74,01-02-2025,Medium,,,1,13-07-2025,,0
Axis Bank,Shannon Roberts,XXXX2844,House,189418.01,10-03-2024,Low,,1,,07-05-2024,179564.93,7413.52
HDFC Bank,Jeremy Potter,XXXX2777,House,438291.63,11-01-2025,High,1,,,23-02-2025,451551.33,40914.78
SBI,Melinda Jensen,XXXX2102,House,181745.75,08-03-2024,Low,1,,,22-02-2024,330747.35,18097.36
ICICI Bank,Angela Mcdowell,XXXX5328,House,102002.91,08-06-2025,Medium,1,,,10-05-2025,435664.72,14665.02
Axis Bank,Kari Smith,XXXX3765,House,212891.58,05-12-2024,Medium,,1,,09-07-2024,379936.99,38174.87
Axis Bank,Richard Ashley,XXXX8413,Car,461195.49,28-08-2023,High,,1,,08-03-2023,383703.3,2221.94
ICICI Bank,Ryan Brown,XXXX2021,House,134881.69,02-10-2024,Low,,,1,21-07-2024,406649.82,22751.55
Kotak Mahindra,Jesus Mcdaniel,XXXX2373,Car,470769.37,15-02-2025,High,1,,,23-01-2025,452179.12,13600.01
HDFC Bank,John Collins,XXXX6771,House,488132,07-06-2024,High,,1,,16-12-2024,,0
Axis Bank,Erin Oconnor,XXXX3670,Car,200689.49,18-06-2024,Medium,1,,,03-09-2024,347716.34,7896.89
Kotak Mahindra,Joshua Robinson,XXXX8905,House,307677.55,07-02-2024,High,,1,,18-02-2024,309185.09,9778.83
Kotak Mahindra,Jacqueline Duarte,XXXX4838,Car,434687.58,02-08-2024,High,1,,,27-10-2024,470556.37,16226.8
HDFC Bank,Jennifer Reyes,XXXX5703,House,323777.22,23-08-2024,High,1,,,09-02-2024,153616.87,6644.3
ICICI Bank,Robert Roberts,XXXX8178,House,72652.88,01-01-2024,Low,,1,,24-07-2024,,0
SBI,Ryan Chavez,XXXX4232,House,84156.67,20-10-2023,Medium,,1,,19-08-2023,433924.21,1311.54
SBI,Anna Patrick,XXXX9332,House,85610.96,21-01-2024,Medium,,1,,22-04-2024,,0
HDFC Bank,Paul Taylor,XXXX7026,Car,474311.49,22-12-2023,Medium,1,,,03-02-2023,181457.66,5793.05
SBI,John White,XXXX3267,Car,161578.75,13-03-2025,Medium,1,,,30-01-2025,,0
ICICI Bank,Amy Baldwin,XXXX7802,Car,276235.18,03-10-2023,Low,1,,,11-10-2023,,0
SBI,Ashley Martin,XXXX5789,House,465679.53,07-06-2025,Low,1,,,09-06-2025,,0
Axis Bank,Brian Vasquez,XXXX8023,Car,370974.94,21-07-2024,High,,,1,15-07-2024,314618.57,10655.52
SBI,Jeffrey Boyle,XXXX8411,House,221167.84,29-12-2024,High,,1,,04-03-2024,,0
HDFC Bank,Luke Wilcox,XXXX5885,House,357534.69,13-02-2025,Low,,1,,18-10-2025,301583.19,6066.92
Axis Bank,Amy Pham,XXXX4445,House,495364.91,29-08-2024,Low,,1,,22-09-2024,237313,18163.88
SBI,Derrick Morris,XXXX4076,House,163855,19-07-2025,Low,,1,,23-07-2025,362056.07,24655.93
Kotak Mahindra,Deborah Mccormick,XXXX8748,Car,193241.62,16-10-2023,High,,1,,20-05-2023,113165.67,1907.74
SBI,Angela Cruz,XXXX3860,Car,123259.94,22-10-2023,High,,1,,10-11-2023,,0
HDFC Bank,Audrey Anderson,XXXX3174,House,342011.46,12-01-2024,High,1,,,27-04-2024,394523.43,37592.79
ICICI Bank,Kelly Espinoza,XXXX2219,House,221760.44,29-02-2024,High,1,,,09-04-2024,233317.61,17772.59
Axis Bank,Thomas Jones,XXXX6179,House,290351.52,24-07-2025,High,,1,,17-03-2025,,0
Kotak Mahindra,Jon King,XXXX7161,House,457122.21,28-06-2024,High,,1,,20-01-2024,,0
ICICI Bank,Kimberly Hernandez,XXXX4475,Car,98053.68,01-02-2025,High,1,,,28-01-2025,187126.09,7897.45
ICICI Bank,Patrick Levine,XXXX1199,House,452539.38,25-05-2025,High,1,,,28-03-2025,198680.37,20612.77
Kotak Mahindra,Mrs. Debra Cobb,XXXX1501,Car,243490.65,30-07-2024,Low,1,,,22-03-2024,317482.85,17951.05
SBI,Karen Woodward,XXXX4216,Car,101329.3,22-12-2023,Low,,,1,22-03-2023,,0
Axis Bank,Jonathan Francis,XXXX2718,House,467820.03,12-06-2025,Medium,,1,,16-10-2025,489501.09,9174.08
ICICI Bank,Ashley Lowery,XXXX7399,Car,289166.35,30-07-2025,High,,1,,21-08-2025,,0
Axis Bank,Matthew Graham,XXXX2696,House,476084.96,26-04-2024,Medium,1,,,04-10-2024,,0
HDFC Bank,Pamela Torres,XXXX2589,House,428921,08-10-2023,Low,,1,,12-10-2023,,0
Kotak Mahindra,Paul Gutierrez,XXXX5636,Car,490063.6,05-08-2025,Low,1,,,11-07-2025,431522.72,36402.02
ICICI Bank,Jessica Hahn,XXXX6565,House,58550.51,30-04-2024,High,,1,,21-06-2024,83036.9,6283.68
Kotak Mahindra,Andrew Calderon,XXXX8254,Car,169062.19,10-11-2023,Low,,1,,09-10-2023,421248.07,41064.87
HDFC Bank,Shawn Peters,XXXX3532,Car,265247.62,24-05-2025,Low,1,,,24-03-2025,,0
ICICI Bank,Katrina Gonzalez,XXXX8231,House,168876.18,13-01-2025,Low,,,1,09-02-2025,111359.9,8620.41
SBI,Jonathan Vance,XXXX3222,House,143618.04,07-03-2024,High,1,,,16-07-2024,140431.79,2796.82
HDFC Bank,Jessica Sanchez,XXXX8840,Car,119227.75,27-09-2024,Low,,1,,05-04-2024,,0
SBI,Michelle Hoover,XXXX1740,Car,302497.57,09-06-2024,High,,,1,21-10-2024,,0
HDFC Bank,Sandra Jones,XXXX3495,Car,84427,26-10-2024,High,1,,,29-04-2024,386517.55,16585.48
SBI,Thomas Heath,XXXX8195,Car,271217.79,09-10-2024,Low,,1,,31-07-2024,,0
SBI,John Mcbride,XXXX7751,Car,192829.59,04-06-2024,High,1,,,17-11-2024,130494.62,11368.63
SBI,Noah Palmer Jr.,XXXX2516,House,317496.95,27-11-2024,Low,1,,,06-10-2024,124280.23,18.42
Axis Bank,Terry Knight,XXXX8390,House,283943.08,18-08-2024,High,,1,,27-06-2024,61827.76,5380.03
ICICI Bank,Chelsea Hancock,XXXX6061,House,312891.91,27-02-2025,Low,1,,,05-11-2025,184677.8,2367.87
Kotak Mahindra,Jennifer Ford,XXXX3367,Car,174571.43,26-04-2024,High,,1,,21-07-2024,,0
Kotak Mahindra,Chad Harris,XXXX2742,House,67917.3,11-12-2024,Low,,1,,05-06-2024,58607.39,456.41
Axis Bank,Gregory Lewis IV,XXXX5581,House,465059.65,05-08-2025,Medium,1,,,14-03-2025,,0
Kotak Mahindra,Rebecca Martinez,XXXX3330,Car,183367.84,16-05-2024,High,1,,,26-02-2024,,0
Axis Bank,Veronica Mcfarland,XXXX5924,Car,419562.99,27-01-2024,High,1,,,05-02-2024,65206.82,4734.58
Axis Bank,Erin Warner,XXXX6676,Car,328730.59,01-04-2024,Low,,1,,06-08-2024,250358.23,5284.55
SBI,Katie Smith,XXXX4239,Car,114863.56,01-12-2024,Medium,1,,,15-07-2024,303826.9,9293.19
HDFC Bank,Jennifer Fowler,XXXX7142,Car,213560.61,29-04-2024,Low,1,,,04-05-2024,,0
Axis Bank,John Hill,XXXX7833,House,422854.95,08-05-2025,High,,1,,23-02-2025,189107.86,8644.33
Kotak Mahindra,Lucas Diaz,XXXX5385,House,203733.68,16-04-2025,Medium,,1,,07-08-2025,,0
HDFC Bank,Caitlin Johnson,XXXX8532,House,113743.38,22-07-2024,High,,1,,02-04-2024,251200.32,8639.78
SBI,Cynthia Best,XXXX2106,Car,454940.78,07-07-2024,High,1,,,24-11-2024,77944.55,4723
ICICI Bank,Catherine Guzman,XXXX2598,House,421136.11,20-02-2024,High,,1,,09-02-2024,332798.92,7947.09
Axis Bank,Sandra Hughes,XXXX8026,Car,312493.31,04-08-2024,High,,,1,14-11-2024,110244.65,1231.48
HDFC Bank,James Clark,XXXX1168,Car,341946.09,07-07-2025,Low,1,,,12-02-2025,131027.11,6483.6
HDFC Bank,Brittany Winters,XXXX9295,Car,54509.24,22-01-2024,Medium,,1,,17-07-2024,,0
Axis Bank,Amber Bryant,XXXX2863,House,444376.72,09-10-2023,Low,,1,,12-02-2023,,0
HDFC Bank,Jessica Buck,XXXX6233,Car,349542.51,15-10-2023,Low,1,,,11-05-2023,107964,6939.02
SBI,Chase Johnson,XXXX4285,House,283145.45,02-09-2023,Medium,1,,,26-04-2023,,0
HDFC Bank,Thomas Miles,XXXX7665,House,68645.8,29-12-2024,Low,1,,,10-07-2024,100366.82,2250.56
SBI,Angela Pruitt,XXXX4690,Car,297668.98,01-08-2024,High,1,,,23-02-2024,408072.47,11219.29
Axis Bank,Jacqueline Maxwell,XXXX4004,Car,386951.55,13-09-2023,Low,,1,,29-09-2023,312064.25,30149.36
Axis Bank,Tricia Oliver,XXXX7836,Car,247248.04,20-03-2024,High,1,,,21-07-2024,55233.95,1228.75
ICICI Bank,Lisa Gray,XXXX7762,House,362479.74,07-09-2024,High,,1,,21-05-2024,200496.09,1221.9
SBI,Rebecca Sosa,XXXX9991,Car,440648.14,22-11-2023,Medium,,1,,01-11-2023,254353.17,6420.65
HDFC Bank,Kirsten Lee,XXXX8221,House,273594.33,09-08-2023,Low,,1,,03-08-2023,60021.55,6130.1
Axis Bank,Logan Cantrell,XXXX7198,Car,452149.39,29-08-2023,High,,1,,14-03-2023,81808.45,3760.63
Axis Bank,Darrell Daniel,XXXX7691,Car,436415.19,19-07-2025,Medium,1,,,01-04-2025,126299.74,3934.37
ICICI Bank,Michele Perez,XXXX2430,Car,308855.48,05-12-2023,High,,1,,15-04-2023,,0
ICICI Bank,John Estes,XXXX8993,House,319813.35,02-06-2025,High,,1,,12-04-2025,,0
ICICI Bank,Melanie Vaughn,XXXX4500,Car,320650.04,04-08-2024,High,1,,,17-09-2024,201742.13,6207.71
Kotak Mahindra,Dr. Amanda White,XXXX6726,Car,154479.51,10-03-2024,Low,,1,,11-03-2024,,0
ICICI Bank,Kyle Hill,XXXX3031,House,97023.08,05-05-2024,Medium,,1,,24-09-2024,,0
Axis Bank,Mary Best,XXXX6348,House,130792.29,01-07-2024,Low,1,,,04-04-2024,203804.66,20550.62
HDFC Bank,Mary Elliott,XXXX3047,House,274575.13,23-02-2025,High,,1,,07-04-2025,396926.59,784.63
Axis Bank,Nancy Leon,XXXX1009,Car,80368.47,18-11-2024,High,1,,,26-05-2024,204712.39,19992.69
Axis Bank,Christine Miller,XXXX4368,House,365503.27,18-12-2023,Low,1,,,15-08-2023,,0
SBI,Robert Marshall,XXXX1723,House,150433.47,20-10-2024,Medium,,1,,17-04-2024,386138.23,11859.33
Axis Bank,Angela Vasquez,XXXX6128,Car,55930.5,10-11-2024,Medium,1,,,14-09-2024,,0
HDFC Bank,Scott Hess,XXXX2652,House,210582.8,28-06-2025,Low,1,,,20-09-2025,462760.24,14312.14
ICICI Bank,Lee Myers,XXXX3138,Car,492971.99,25-12-2023,High,,1,,20-11-2023,444648.62,13361.33
Axis Bank,Ana Jones,XXXX5712,Car,409903.49,20-12-2024,Low,1,,,02-06-2024,211563.28,14383.55
Kotak Mahindra,John Bradley,XXXX8520,Car,248307.56,18-05-2024,High,1,,,02-10-2024,169275.81,8629.28
Axis Bank,Joshua Rivera,XXXX1198,Car,419804.88,21-03-2025,Low,1,,,21-01-2025,367625.69,33910.58
Kotak Mahindra,Nicole Gutierrez,XXXX8108,House,85952.7,24-03-2025,Low,,1,,05-04-2025,436731.85,4405.09
SBI,Brenda Ross,XXXX7804,Car,392588.33,11-12-2023,Low,1,,,04-04-2023,338984.89,13455.42
HDFC Bank,Logan Andrews,XXXX4302,House,171027.16,19-03-2025,Low,1,,,12-05-2025,47615.4,3830.49
HDFC Bank,Steven Pearson,XXXX3308,Car,294822.73,29-09-2023,Medium,,1,,06-08-2023,419731.76,35191.66
SBI,Kimberly Wright,XXXX2136,House,202597.66,08-08-2023,Medium,,1,,09-03-2023,80223.69,7441.07
SBI,Diana Thompson,XXXX1745,Car,349674.55,05-09-2023,Low,1,,,12-11-2023,,0
HDFC Bank,Destiny Johnson,XXXX7189,House,177639.59,21-08-2023,Medium,,1,,18-09-2023,64625.5,4364.05
HDFC Bank,Amanda Kidd,XXXX1410,Car,336618.29,06-06-2025,High,,1,,22-12-2025,300639.06,22715.74
Axis Bank,Calvin Hall,XXXX8390,House,141389.58,15-04-2025,High,1,,,19-03-2025,391131.43,40825.01
ICICI Bank,Carl Williams,XXXX1685,Car,83840.04,05-09-2023,Low,,,1,10-10-2023,63288.14,421.59
Kotak Mahindra,Adam Jensen,XXXX9551,House,221363.75,17-01-2025,Low,1,,,28-11-2025,175195.68,11418.67
ICICI Bank,Thomas Kim,XXXX8272,Car,94635.92,17-03-2025,Low,1,,,11-04-2025,75311.17,1834.51
Kotak Mahindra,Stephen Hobbs,XXXX3182,Car,179289.42,28-03-2025,Medium,1,,,23-11-2025,166523.17,12800.12
Kotak Mahindra,Erika Blake,XXXX8421,Car,160433.36,19-01-2024,Low,,1,,22-05-2024,371870.52,1233.44
SBI,Lauren Schmidt,XXXX4249,Car,439452.96,15-08-2024,High,,1,,20-09-2024,443736.29,22510.55
Axis Bank,Kayla Hunt,XXXX2893,Car,286747.26,08-07-2025,Low,1,,,27-08-2025,113838.39,12494.03
Axis Bank,Michael Lawson,XXXX1384,Car,157187.03,25-03-2024,Medium,,,1,27-10-2024,421517.95,20113.88
Kotak Mahindra,Sarah Sloan,XXXX5167,Car,232852.84,27-01-2025,High,,1,,14-02-2025,121476.79,6620.43
ICICI Bank,Brian Neal,XXXX1517,House,468739.96,03-08-2025,High,,1,,29-06-2025,212137.61,5095.84
ICICI Bank,Michael Jones,XXXX4862,House,228683.52,10-09-2023,High,,1,,02-07-2023,392558.21,9337.23
Axis Bank,Jennifer Miller,XXXX5465,House,313657.31,03-11-2024,Low,1,,,17-01-2024,398813.85,32296.64
Kotak Mahindra,John Olsen,XXXX8443,Car,141795.38,17-03-2025,Medium,,1,,23-08-2025,377353.42,1588.27
Axis Bank,Keith Ballard,XXXX7474,House,59342.72,08-03-2024,Medium,1,,,13-10-2024,130106.22,12027.25
Axis Bank,Bethany Garcia,XXXX9313,House,431696.83,04-11-2023,High,1,,,27-08-2023,287537.93,701.85
Axis Bank,Kristin Humphrey,XXXX3933,House,113332.84,20-10-2023,Medium,,1,,01-03-2023,,0
SBI,Joseph Ayala,XXXX9404,House,156544.41,24-03-2024,Low,,,1,23-01-2024,425551.05,1198.29
Axis Bank,Michael Reese,XXXX9673,Car,54800.4,17-07-2025,Low,,1,,06-01-2025,,0
HDFC Bank,Julie Dunn,XXXX8974,House,322009.44,01-07-2024,Low,1,,,03-05-2024,74516.62,1830.05
SBI,Colton Rivera,XXXX1099,House,346466.81,22-06-2024,Low,,1,,08-01-2024,76466.92,2603.45
HDFC Bank,Christopher Lloyd,XXXX1889,Car,254837.69,31-07-2024,Medium,,1,,02-10-2024,463578.94,35441.89
HDFC Bank,Lindsay Rivera,XXXX3680,House,458275.44,28-08-2023,Low,1,,,05-06-2023,446883.31,2291.64
Axis Bank,Erica Parker,XXXX3176,Car,50753.6,28-11-2023,Low,,1,,05-07-2023,,0
ICICI Bank,Scott Salinas,XXXX6416,Car,454072.35,29-03-2024,Low,1,,,22-10-2024,286105.27,12724.72
Axis Bank,Laura Kline,XXXX5932,Car,260482.43,02-12-2023,Low,,1,,19-12-2023,,0
Axis Bank,Thomas Morrow,XXXX1016,House,258018.61,03-11-2024,Medium,1,,,15-09-2024,,0
SBI,Matthew Moore,XXXX1377,House,274910.01,05-02-2024,Medium,1,,,18-05-2024,,0
HDFC Bank,Kelly Clark,XXXX9368,Car,115164.21,01-09-2023,Low,,1,,18-09-2023,130496.43,7.44
HDFC Bank,Linda Monroe,XXXX3865,House,125509.51,01-11-2024,High,1,,,14-12-2024,255323.81,13522.38
Axis Bank,Michele Barnett,XXXX8252,Car,127041.49,21-09-2023,High,1,,,04-06-2023,75293.32,2213.83
ICICI Bank,Robert Walker,XXXX2838,House,288269.31,28-03-2024,Medium,,1,,17-07-2024,422558.69,15591.47
HDFC Bank,Derek Cox,XXXX5079,Car,156477.16,07-09-2024,Low,,1,,16-06-2024,93852.78,809.71
HDFC Bank,Michelle Miller,XXXX8717,House,269381.65,22-03-2025,High,1,,,10-03-2025,376074.45,13857.8
